,id,condition,useful,mins,other,reuse,clarity,benefit,interest,learn,all,id,d1,d2,d3,d4,d5,d6,s1,s2,s3,s4,s5,s6,d,s,num_stop,total_words
0,558af269fdf99b7dfef4d7bd,MC,7.0,1.0,7.0,7.0,7.0,7.0,7.0,7.0,do a Bible study finish Bible study and feel fulfilled I'll do the Bible study I've been meaning to do for a while. I'll feel fulfilled and closer to God. ,558af269fdf99b7dfef4d7bd,2.0,2.0,5.0,2.0,2.0,5.0,2.0,5.0,5.0,2.0,5.0,5.0,3.0,4.0,16,35
1,55b1add5fdf99b6731f04c5a,MC,1.0,1.0,2.0,1.0,3.0,1.0,2.0,2.0,I want to clean my house I will get everything tidy I will feel better in a nice clean house,55b1add5fdf99b6731f04c5a,5.0,5.0,5.0,5.0,5.0,5.0,4.0,3.0,5.0,4.0,3.0,5.0,5.0,4.0,9,20
2,5626a6cfddff3c0011bcd3d8,I,3.0,1.0,2.0,2.0,2.0,2.0,2.0,2.0,Eat healthy and exercise I burn more calories than I eat I feel accomplished and good about mysefl,5626a6cfddff3c0011bcd3d8,2.0,5.0,5.0,2.0,5.0,5.0,3.0,5.0,4.0,3.0,5.0,4.0,4.0,4.0,8,18
3,56a5da6181a8ca000d3e7f40,MC,4.0,1.0,4.0,3.0,2.0,3.0,5.0,4.0,"Spend quality time with my cat My cat appears happy When my cat is happy, he is laying next to me and purring. He also becomes less aggressive; when I'm away from him for long periods of time he gets bored and is not as nice.",56a5da6181a8ca000d3e7f40,2.0,5.0,5.0,2.0,5.0,5.0,3.0,3.0,4.0,3.0,3.0,4.0,4.0,3.0,23,51
4,56df2ea2452e1300056bc7df,MC,3.0,1.0,4.0,4.0,3.0,3.0,4.0,3.0,"Go out to eat Care Free  Happy, no problems",56df2ea2452e1300056bc7df,2.0,1.0,1.0,2.0,1.0,1.0,2.0,1.0,2.0,2.0,1.0,2.0,1.0,2.0,3,10
5,57237767844581001202947a,I,7.0,2.0,7.0,7.0,7.0,7.0,7.0,7.0,Make 25 dollars I have started my goal I would feel like i would want to do more in order to make more. I would be happy with myself and feel accomplished ,57237767844581001202947a,2.0,5.0,3.0,2.0,5.0,3.0,2.0,4.0,4.0,2.0,4.0,4.0,3.0,3.0,16,33
6,57b771677bcf1a00013f2ba8,I,2.0,1.0,4.0,4.0,2.0,3.0,3.0,4.0,Find enthusiasm to do something. I would do something productive. I imagine feeling interesting in doing something. Maybe an art poject or a digital one. I see myself feeling creative and inspired and ecstatic in creating and being entertained. I then see that energy continue on as I complete some tasks or chores I have been putting off.,57b771677bcf1a00013f2ba8,2.0,3.0,3.0,2.0,3.0,3.0,2.0,3.0,5.0,2.0,3.0,5.0,3.0,3.0,29,64
7,58ae2c4ed6a2220001179f7c,I,5.0,1.0,4.0,5.0,5.0,6.0,6.0,5.0,"I must run 8.4 miles tomorrow morning. I will feel relief when I'm done, as it takes 100% effort. I know every step of the way, I think about it in five separate parts, and I have to make sure I get started at about 6 a.m. so I'm not dying of heat exhaustion by the time I get finished.",58ae2c4ed6a2220001179f7c,5.0,5.0,5.0,5.0,5.0,5.0,4.0,4.0,5.0,4.0,4.0,5.0,5.0,4.0,28,69
8,599b15bcd0bcd10001dd92d8,MC,1.0,1.0,1.0,1.0,1.0,1.0,1.0,1.0,Go hiking  Accomplished and possibly slightly at peace  I'll better because I've worked out twice today and actually left the house ,599b15bcd0bcd10001dd92d8,2.0,1.0,5.0,2.0,1.0,5.0,1.0,3.0,5.0,1.0,3.0,5.0,3.0,3.0,8,23
9,59f78f90a764fc000135f6e6,MC,5.0,1.0,4.0,4.0,5.0,4.0,4.0,3.0,Take care of my garden Happy and productive I would feel really happy because the plants I took so long planting and caring for would be in good shape. I would spend a lot of time just walking through the garden and admiring the plants.,59f78f90a764fc000135f6e6,2.0,1.0,3.0,2.0,1.0,3.0,3.0,2.0,5.0,3.0,2.0,5.0,2.0,3.0,20,47
10,5a381de00006450001bf2691,MC,3.0,1.0,2.0,2.0,4.0,4.0,2.0,2.0,Fix the truck Working truck I fixed the truck and now it runs great and can go on long trips.,5a381de00006450001bf2691,2.0,2.0,5.0,2.0,2.0,5.0,2.0,2.0,5.0,2.0,2.0,5.0,3.0,3.0,9,21
11,5a7a793f19042000015595cf,I,5.0,2.0,5.0,5.0,4.0,5.0,3.0,4.0,Get a good dinner it would feel good It would make me happy,5a7a793f19042000015595cf,2.0,3.0,3.0,2.0,3.0,3.0,2.0,3.0,3.0,2.0,3.0,3.0,3.0,3.0,4,13
12,5a8e6117b093f80001a83119,MC,1.0,1.0,1.0,1.0,1.0,1.0,1.0,1.0,Clean the apt a clean apt ,5a8e6117b093f80001a83119,2.0,1.0,1.0,2.0,1.0,1.0,2.0,1.0,1.0,2.0,2.0,1.0,1.0,2.0,2,6
13,5ae25791af72e0000127b8f7,I,4.0,1.0,4.0,5.0,5.0,5.0,5.0,4.0,have enough money to pay some bills less worried  being able to pay bills to have more freedom to think about something else ,5ae25791af72e0000127b8f7,2.0,1.0,2.0,2.0,1.0,2.0,3.0,2.0,5.0,3.0,2.0,5.0,2.0,3.0,10,23
14,5aea90a95c78ab000105cd36,I,4.0,1.0,5.0,5.0,5.0,5.0,7.0,4.0,"Practice some self care Happy, relaxed, prepared to face the world  I would feel lighter, less mentally weighed down",5aea90a95c78ab000105cd36,2.0,1.0,3.0,2.0,1.0,3.0,3.0,4.0,4.0,3.0,4.0,4.0,2.0,4.0,5,22
15,5aeb42cf53336d00016f0617,MC,4.0,2.0,4.0,4.0,4.0,4.0,5.0,4.0,Ready my garden for fall planting I will be prepared The feeling of being prepared and on schedule gives me a sense of satisfaction and inner peace.,5aeb42cf53336d00016f0617,2.0,5.0,5.0,2.0,5.0,5.0,4.0,2.0,4.0,4.0,2.0,4.0,4.0,3.0,14,28
16,5b9866e4813d530001c33ce7,I,3.0,1.0,2.0,3.0,2.0,2.0,2.0,2.0,"Go on vacation  Really good, since I really need to get away from this covid crap Being with my family in PR and having the best time",5b9866e4813d530001c33ce7,2.0,5.0,2.0,2.0,5.0,2.0,1.0,4.0,4.0,1.0,4.0,4.0,3.0,3.0,12,28
17,5c0735ac0ea1410001a9d1c7,MC,5.0,2.0,5.0,5.0,4.0,5.0,5.0,4.0,"Make progress with parents' estate Forward progress and answers Answers about the mortgage, progress on closing my parents' accounts and debts",5c0735ac0ea1410001a9d1c7,2.0,1.0,2.0,2.0,1.0,2.0,3.0,2.0,5.0,3.0,2.0,5.0,2.0,3.0,7,24
18,5c11ec9e4e838900017ce044,MC,7.0,3.0,7.0,7.0,7.0,7.0,7.0,7.0,Go running First step into getting back into shape Dreading betting started again...but after it is accomplished feeling invigorated and proud that I did it,5c11ec9e4e838900017ce044,2.0,2.0,5.0,2.0,2.0,5.0,1.0,4.0,3.0,1.0,4.0,3.0,3.0,3.0,12,27
19,5c288c5889f035000174c07d,I,7.0,2.0,7.0,7.0,7.0,7.0,7.0,7.0,I wish to be healthy again Start a diet plan Sitting down writing out a diet plan and figuring out what type of workout I need to incorporate with my new eating lift style change,5c288c5889f035000174c07d,3.0,2.0,5.0,3.0,2.0,5.0,3.0,3.0,4.0,3.0,3.0,4.0,3.0,3.0,16,35
20,5c35707abc644400013344c3,I,4.0,1.0,4.0,5.0,4.0,4.0,5.0,5.0,"I would like get my plan figured out It would be a such a relief If this plan is all figured out, I will feel as if a weight have been lifted off of my shoulders. I will not have to worry about this every day again",5c35707abc644400013344c3,3.0,3.0,5.0,3.0,3.0,5.0,4.0,2.0,4.0,4.0,2.0,4.0,4.0,3.0,31,49
21,5c3e60aa38ac8200017b99a7,MC,5.0,2.0,7.0,6.0,6.0,6.0,7.0,7.0,i want to be a president i will be happy it will can be excelent for me,5c3e60aa38ac8200017b99a7,5.0,5.0,5.0,5.0,5.0,5.0,2.0,2.0,3.0,2.0,2.0,3.0,5.0,2.0,13,17
22,5c3e82e91580e9000122d204,MC,1.0,1.0,1.0,1.0,1.0,1.0,1.0,1.0,get a lot done I will get a lot done. I want to finish enough work to feel accomplished and ahead of yesterday.,5c3e82e91580e9000122d204,2.0,5.0,5.0,2.0,5.0,5.0,1.0,3.0,5.0,1.0,3.0,5.0,4.0,3.0,9,25
23,5c55f4acb7cf140001d3689b,MC,5.0,3.0,4.0,5.0,5.0,5.0,5.0,4.0,I wish to make a chocolate cake for my partner. I could watch cake baking videos yes,5c55f4acb7cf140001d3689b,3.0,3.0,1.0,3.0,3.0,1.0,4.0,4.0,1.0,4.0,4.0,1.0,2.0,3.0,6,18
24,5c5b788ccfc9bc0001c59086,MC,2.0,1.0,4.0,3.0,4.0,3.0,2.0,3.0,"write an essay or blog I would feel accomplished, Closer to my blog goal I want to be able to start a blog and use it to make an income",5c5b788ccfc9bc0001c59086,2.0,3.0,5.0,2.0,3.0,5.0,3.0,4.0,4.0,3.0,4.0,4.0,3.0,4.0,14,31
25,5c6b4a3da5064f0001e8b0b1,MC,7.0,1.0,5.0,6.0,6.0,7.0,7.0,7.0,"Wash my hair beautiful and complete Washing and styling my hair would make me feel beautiful because I always like how my hair looks afterwards. I'd feel complete because it can take a few hours, and I'd be relieved and happy once I finished it.",5c6b4a3da5064f0001e8b0b1,2.0,1.0,3.0,2.0,1.0,3.0,3.0,2.0,5.0,3.0,2.0,5.0,2.0,3.0,22,50
26,5c6d55f1e82c7e00011e21d3,I,7.0,1.0,6.0,6.0,5.0,6.0,6.0,7.0,"Relax in a fuller way Cheery, relaxed, and expansive Energy, optimism, joy
Calmness and light",5c6d55f1e82c7e00011e21d3,2.0,1.0,1.0,2.0,1.0,1.0,2.0,1.0,2.0,2.0,1.0,2.0,1.0,2.0,4,19
27,5ca76940b73600000157b4f1,MC,3.0,2.0,3.0,4.0,4.0,4.0,5.0,4.0,make sirloin steaks on grill perfect they are juicy and tender I would take them off the grill and when I cut into them they are the perfect medium rare and chewing is easy. ,5ca76940b73600000157b4f1,2.0,5.0,3.0,2.0,5.0,3.0,5.0,2.0,5.0,5.0,2.0,5.0,3.0,4.0,18,35
28,5ceb685da7afdc00166f8391,I,5.0,1.0,6.0,6.0,5.0,5.0,6.0,6.0,Develop plan for family fun! Plan made - feeling excited! I would feel excited to finally have a plan for adventure with my family. We always talk about going and doing more and yet aren't spontaneous enough to make it happen. Having plans would help us fulfill some of our summer goals. ,5ceb685da7afdc00166f8391,2.0,2.0,3.0,2.0,2.0,3.0,4.0,3.0,5.0,4.0,3.0,5.0,2.0,4.0,21,58
29,5ceed35abc1ea40018403f04,I,4.0,2.0,4.0,4.0,6.0,5.0,4.0,6.0,Eat food for myself happy I need to start eating more food. It would make me healthier.,5ceed35abc1ea40018403f04,2.0,1.0,3.0,2.0,1.0,3.0,3.0,1.0,5.0,3.0,1.0,5.0,2.0,3.0,7,19
30,5cfc7489e289a80016b6e29f,I,4.0,1.0,1.0,1.0,2.0,3.0,2.0,3.0,"Eat less than I need Loss of weight I hate horribly yesterday, so eating a bit less than I actually need would go a long way to getting me back on track in my weight loss journey.",5cfc7489e289a80016b6e29f,2.0,1.0,3.0,2.0,1.0,3.0,3.0,2.0,5.0,3.0,2.0,5.0,2.0,3.0,14,39
31,5d1cf86b74a06a0019e3079c,I,5.0,1.0,5.0,5.0,4.0,4.0,7.0,6.0,I would like to find time to relax. I would feel accomplished. I am proud and excited.,5d1cf86b74a06a0019e3079c,3.0,3.0,5.0,3.0,3.0,5.0,3.0,3.0,2.0,3.0,3.0,2.0,4.0,3.0,7,20
32,5d20da1ea70c970016f2a91f,I,5.0,1.0,4.0,4.0,5.0,5.0,6.0,4.0,I would like to make progress on my story.  It would feel pleased with myself.  It would make me feel like I'm a step closer to success. ,5d20da1ea70c970016f2a91f,4.0,3.0,3.0,3.0,3.0,3.0,4.0,3.0,3.0,4.0,3.0,3.0,3.0,3.0,12,31
33,5d264dc7e4a0cb001a3efea6,I,1.0,1.0,1.0,1.0,3.0,1.0,4.0,2.0,I had more energy at the end of my shift Accomplished It may diminish the quality of my work.,5d264dc7e4a0cb001a3efea6,5.0,1.0,3.0,5.0,1.0,3.0,3.0,1.0,4.0,3.0,1.0,4.0,3.0,3.0,11,20
34,5d378bf4b846880018b41c73,MC,7.0,2.0,6.0,7.0,5.0,6.0,7.0,7.0,Clean the cat cages The cats would be happier I would feel like a better pet owner,5d378bf4b846880018b41c73,2.0,3.0,3.0,2.0,3.0,3.0,3.0,2.0,4.0,3.0,2.0,4.0,3.0,3.0,5,17
35,5d48652e983b1e0019576359,I,5.0,1.0,4.0,5.0,6.0,5.0,6.0,5.0,"Write that episode Accomplished and determined Once I have those episodes fully written, my dream will feel entirely real and obtainable. Moving on to the next steps will make me feel accomplished and ready to accept my new future.",5d48652e983b1e0019576359,2.0,1.0,5.0,2.0,1.0,5.0,3.0,1.0,4.0,3.0,1.0,4.0,3.0,3.0,17,42
36,5d4ee690962ad00018457362,I,7.0,1.0,5.0,6.0,6.0,6.0,7.0,6.0,most important wish is travelling love it most its about cloud,5d4ee690962ad00018457362,2.0,2.0,1.0,2.0,2.0,1.0,3.0,3.0,1.0,3.0,3.0,1.0,2.0,2.0,6,11
37,5d5829211139bc001666e4e9,I,7.0,2.0,7.0,7.0,7.0,7.0,7.0,5.0,"To get a new car It would make me feel great Great, wonderful, optimism ",5d5829211139bc001666e4e9,2.0,3.0,1.0,2.0,3.0,1.0,3.0,4.0,1.0,3.0,4.0,1.0,2.0,3.0,4,16
38,5d607e85803685001703e06c,MC,4.0,3.0,5.0,2.0,4.0,5.0,4.0,3.0,Pack this room up  Stop being lazy I’m lazy ,5d607e85803685001703e06c,2.0,2.0,5.0,2.0,2.0,5.0,3.0,2.0,2.0,3.0,2.0,2.0,3.0,2.0,5,11
39,5d790bc6965e200016e975e1,I,4.0,1.0,1.0,1.0,4.0,3.0,3.0,1.0,"start studying for certification productive, successful,  If I take initiative and start studying it would make me feel productive and ready to take the exam at my desire date",5d790bc6965e200016e975e1,2.0,1.0,3.0,2.0,1.0,3.0,3.0,1.0,4.0,3.0,1.0,4.0,2.0,3.0,11,31
40,5d7ba25e358dec00196d4977,I,4.0,1.0,4.0,5.0,5.0,5.0,5.0,2.0,Do something important Do it well Make a couple hundred dollars,5d7ba25e358dec00196d4977,2.0,2.0,2.0,2.0,2.0,2.0,2.0,2.0,2.0,2.0,2.0,2.0,2.0,2.0,4,11
41,5d94d7d77587a900150ac8d0,I,5.0,2.0,4.0,4.0,4.0,4.0,5.0,4.0,Eat regularly  Best outcome would be to have more energy  If I were to eat regularly like I'm supposed to then I would easily feel but better about myself and my body. ,5d94d7d77587a900150ac8d0,2.0,2.0,3.0,2.0,2.0,3.0,2.0,3.0,4.0,2.0,3.0,4.0,2.0,3.0,17,34
42,5da8c0791a0d81001380d3cc,MC,7.0,1.0,6.0,6.0,6.0,6.0,7.0,6.0,"Search jobs, train_on hard amazing content satisfied I would be happy and goofy",5da8c0791a0d81001380d3cc,2.0,1.0,3.0,2.0,1.0,3.0,4.0,1.0,2.0,4.0,1.0,2.0,2.0,2.0,3,14
43,5dab7b8145f7b300160dd91e,MC,4.0,1.0,4.0,4.0,4.0,5.0,5.0,4.0,"Hire someone to install railings on the front porch. I would feel happy that my porch was made safer. The house has more ""curb appeal"" with an attractive railing. My older friends will be able to safer and more often.",5dab7b8145f7b300160dd91e,2.0,3.0,5.0,2.0,3.0,5.0,4.0,4.0,4.0,4.0,4.0,4.0,3.0,4.0,18,46
44,5db1aed4a2cae4001738f561,I,5.0,1.0,4.0,4.0,6.0,5.0,5.0,4.0,eat ice cream with my mom satisfied and full after dairy queen I will go over to my mom's house and we will get Dairy Queen together.  I will get a large oreo blizzard and a box of dilly bars to take home.  I will eat until I feel sick but then I will eat some dilly bars.,5db1aed4a2cae4001738f561,2.0,1.0,5.0,2.0,1.0,5.0,4.0,2.0,5.0,4.0,2.0,5.0,3.0,4.0,28,62
45,5dbf8f6351b13c414a1c490c,I,7.0,4.0,5.0,5.0,6.0,7.0,7.0,7.0,Paint my bedroom  I would feel an accomplishment  I would feel an accomplishment if I painted my bedroom. I have all the materials to do it but have not been motivated to do it. It would be a big accomplishment. ,5dbf8f6351b13c414a1c490c,2.0,3.0,3.0,2.0,3.0,3.0,3.0,3.0,4.0,3.0,3.0,4.0,3.0,3.0,25,43
46,5dc37cc0380a67285572a9b3,MC,4.0,1.0,5.0,5.0,4.0,5.0,5.0,4.0,Live a healthier life  I would feel better about myself  It would be a big step for me to feel more comfortable with myself and happier ,5dc37cc0380a67285572a9b3,2.0,3.0,3.0,2.0,3.0,3.0,3.0,3.0,4.0,3.0,3.0,4.0,3.0,3.0,14,26
47,5dc4175e3317732e53467e8b,I,3.0,1.0,3.0,3.0,3.0,4.0,3.0,4.0,that all covid sufferers are cured good happy,5dc4175e3317732e53467e8b,1.0,1.0,1.0,1.0,1.0,1.0,3.0,1.0,1.0,3.0,1.0,1.0,1.0,2.0,3,8
48,5dc5bd296a8a334443fbf216,MC,7.0,1.0,7.0,7.0,7.0,7.0,7.0,7.0,to complete what i start my house organized emotionally content,5dc5bd296a8a334443fbf216,2.0,1.0,1.0,2.0,1.0,1.0,2.0,3.0,1.0,2.0,3.0,1.0,1.0,2.0,4,10
49,5dcadddfbdcd7d7a4022d5e4,I,3.0,1.0,3.0,3.0,3.0,5.0,2.0,3.0,  ,5dcadddfbdcd7d7a4022d5e4,1.0,1.0,1.0,1.0,1.0,1.0,1.0,1.0,1.0,1.0,1.0,1.0,1.0,1.0,0,0
50,5dceb29dd30a0e113ede61a6,MC,7.0,1.0,5.0,7.0,7.0,7.0,7.0,7.0,Clean out the food storage drawer Accomplished and organized My kitchen would be much more organized and less cluttered,5dceb29dd30a0e113ede61a6,2.0,1.0,3.0,2.0,1.0,3.0,3.0,1.0,4.0,3.0,1.0,4.0,2.0,3.0,7,19
51,5dd40277e08a363e4e006384,MC,1.0,1.0,1.0,1.0,1.0,1.0,1.0,1.0,Provide dinner for my kids My kids eating I would feel like a good mother if I could fully provide for my kids. ,5dd40277e08a363e4e006384,2.0,2.0,3.0,2.0,2.0,3.0,3.0,3.0,4.0,3.0,3.0,4.0,2.0,3.0,9,24
52,5dd46ece4524e745b4c46701,MC,2.0,1.0,2.0,1.0,2.0,2.0,2.0,1.0,Eat good foods More energized Not feeling groggy and cloudy in the mornings.,5dd46ece4524e745b4c46701,2.0,1.0,2.0,2.0,1.0,2.0,3.0,2.0,3.0,3.0,2.0,3.0,2.0,3.0,5,14
53,5dd5bc3bd5cef8000b9861d5,MC,6.0,1.0,5.0,5.0,6.0,5.0,5.0,6.0,"A good night's rest to recoup I would sleep for 16 hrs and be re-energized I would sleep to catch up, and revitalize myself fully from deprivation. I would feel like I had a full battery again. ",5dd5bc3bd5cef8000b9861d5,2.0,3.0,3.0,2.0,3.0,3.0,4.0,4.0,3.0,4.0,4.0,3.0,3.0,4.0,17,41
54,5de33dabc22a30362e4450a5,I,6.0,1.0,5.0,5.0,5.0,6.0,6.0,6.0,Actually go grocery shopping. A feeling of fullfulment. I would have a feeling of fulfillment.  I haven't been to an actual grocery store since this pandemic began.  ,5de33dabc22a30362e4450a5,2.0,1.0,3.0,2.0,1.0,3.0,3.0,1.0,5.0,3.0,1.0,5.0,2.0,3.0,12,32
55,5ded1ccecaeb603e2d2dfc70,MC,5.0,1.0,4.0,4.0,5.0,5.0,4.0,3.0,"Bake a cake from scratch I would feel proud If I could do this, I would feel very proud of myself",5ded1ccecaeb603e2d2dfc70,2.0,3.0,3.0,2.0,3.0,3.0,3.0,3.0,3.0,3.0,3.0,3.0,3.0,3.0,11,22
56,5df0812855aff60d481455ac,I,5.0,1.0,3.0,2.0,5.0,4.0,6.0,3.0,"I would like to record and stream some live music I will stream music and it will be received well by family and friends I enjoy the recognition of posting quality music, which is very new to me and something I am really enjoying these days. I would like to try out some new instrumental styles and with many musical family members who are out of state, they will have an opportunity to hear and see this music. I like seeing the thumbs up and comments. ",5df0812855aff60d481455ac,3.0,5.0,3.0,3.0,5.0,3.0,4.0,5.0,5.0,4.0,5.0,5.0,4.0,5.0,45,91
57,5df27b81acd5ce18b4bd225c,I,3.0,1.0,3.0,3.0,2.0,3.0,3.0,2.0,"Social interaction with others. Less lonely. Having to shelter in place as a result of the current pandemic, single/living alone while being a benefit on some level being able to keep others out of my home for safety also has left a void day in and day out of in person interaction with others.  ",5df27b81acd5ce18b4bd225c,2.0,1.0,2.0,2.0,1.0,2.0,3.0,2.0,4.0,3.0,2.0,4.0,2.0,3.0,27,58
58,5df5767076c03b3e5a958413,I,2.0,1.0,2.0,2.0,2.0,2.0,3.0,2.0,go for a long walk having exercised having exercised will make me feel light and better and in a good place,5df5767076c03b3e5a958413,2.0,2.0,5.0,2.0,2.0,5.0,3.0,1.0,3.0,3.0,1.0,3.0,3.0,2.0,10,21
59,5e149736e632e1a92be5738c,I,7.0,2.0,7.0,7.0,7.0,7.0,7.0,7.0,That would be nice Success Profit,5e149736e632e1a92be5738c,1.0,1.0,1.0,1.0,1.0,1.0,2.0,1.0,1.0,2.0,1.0,1.0,1.0,1.0,2,6
60,5e149c03864020aa6e1cf04d,I,4.0,3.0,5.0,5.0,4.0,5.0,4.0,4.0,make a loaf of bread happy and full no more hunger,5e149c03864020aa6e1cf04d,2.0,1.0,1.0,2.0,1.0,1.0,3.0,1.0,1.0,3.0,1.0,1.0,1.0,2.0,5,11
61,5e1b71aa7e18273a261b64b7,I,5.0,1.0,5.0,5.0,5.0,5.0,6.0,5.0,run 9 miles complete 9 miles without issue I would have an easy time running 4.5 miles out on my trail and turn back around to run back home.,5e1b71aa7e18273a261b64b7,2.0,2.0,3.0,2.0,2.0,3.0,2.0,4.0,4.0,2.0,4.0,4.0,2.0,3.0,8,30
62,5e27616fe837f399dc3fe42f,MC,6.0,1.0,5.0,5.0,6.0,6.0,6.0,6.0,"Avoid consuming sugar I can avoid sugar successfully It is hard to imagine avoiding sugar, because instead, when I try to think about this, my thoughts are filled with the idea of consuming sugar, instead! So even though WOOP is a great goal visualization tool, maybe in some cases it is easiest to achieve a goal by NOT thinking about it? If it is a goal of omission. Then again, I have to consciously think about the goal sometimes in order to stick with it – like, when I am presented with sugar, I have to consciously think about my goals.",5e27616fe837f399dc3fe42f,2.0,5.0,5.0,2.0,5.0,5.0,3.0,4.0,4.0,3.0,4.0,4.0,4.0,4.0,54,113
63,5e2cb9b8e97bec2e4cd80874,I,3.0,1.0,2.0,1.0,3.0,1.0,5.0,3.0,"win something on the lottery I'd win enough to cover a special purchase I would find that while I did not win the ""wig"" lotto, I have won enough (after taxes) to pay for something I've been wanting for a long time.",5e2cb9b8e97bec2e4cd80874,2.0,3.0,3.0,2.0,3.0,3.0,3.0,4.0,4.0,3.0,4.0,4.0,3.0,4.0,22,50
64,5e39678321d60316406c3723,I,2.0,1.0,1.0,1.0,2.0,1.0,5.0,4.0,Being able to complete a task I would feel accomplished I honestly don't know but it'd be fulfilling.,5e39678321d60316406c3723,2.0,3.0,3.0,2.0,3.0,3.0,3.0,3.0,3.0,3.0,3.0,3.0,3.0,3.0,9,21
65,5e3c368dc004f70177a1dfcc,I,2.0,1.0,1.0,2.0,1.0,3.0,6.0,2.0,"Get extra hours at work so I can be able to pay for things my family needs I would be able to take care of my family and what they need or want If I was able to fulfill this goal, I would have extra hours to able to bring more money home to my family and take care of the little things that we need and want. We could be able to go on vacation and do whatever extra stuff that we want. ",5e3c368dc004f70177a1dfcc,2.0,3.0,3.0,2.0,3.0,3.0,5.0,4.0,5.0,5.0,4.0,5.0,3.0,5.0,43,87
66,5e51cbd4ad88cd2047eaf29d,I,1.0,1.0,1.0,1.0,1.0,1.0,1.0,1.0,Finish a project at work Satisfied I would feel proud of myself for finishing a project I’ve had on my to do list for a while,5e51cbd4ad88cd2047eaf29d,2.0,1.0,3.0,2.0,1.0,3.0,3.0,1.0,4.0,3.0,1.0,4.0,2.0,3.0,17,28
67,5e57535e9826c510e7e3bf42,I,6.0,2.0,6.0,6.0,6.0,6.0,6.0,6.0,"being happy and successful  Great, happy and love When I get my dreams, having a great job, good life, support my parents, giving good education to my son, helping him to reach his dreams, and having a nice house",5e57535e9826c510e7e3bf42,2.0,1.0,5.0,2.0,1.0,5.0,2.0,3.0,4.0,2.0,3.0,4.0,3.0,3.0,17,46
68,5e5d1bacac3134016c38c61f,I,7.0,4.0,7.0,7.0,7.0,7.0,7.0,7.0,"Getting laundry washed, cleaning Over joyed, accomplishment Once the laundry and cleaning is done I will feel more relaxed, comfortable, happy, and know that I have accomplished something important. ",5e5d1bacac3134016c38c61f,2.0,1.0,5.0,2.0,1.0,5.0,3.0,1.0,4.0,3.0,1.0,4.0,3.0,3.0,12,35
69,5e5fe64a8278d103d35cac54,MC,6.0,2.0,7.0,7.0,6.0,6.0,7.0,7.0,"Finish the next video completely Finishing it, being happy with it, not having to tinker with it the next day I think it's possible but I'm not sure...I'm a perfectionist. I guess I need to remind myself that sometimes you have to cut corners.",5e5fe64a8278d103d35cac54,2.0,2.0,5.0,2.0,2.0,5.0,4.0,4.0,3.0,4.0,4.0,3.0,3.0,4.0,26,53
70,5e6011c399b03c35f69a53d8,MC,1.0,1.0,1.0,1.0,2.0,1.0,2.0,2.0,having a clean apartment I would feel satisfied I would love to be completely organized,5e6011c399b03c35f69a53d8,2.0,3.0,3.0,2.0,3.0,3.0,2.0,3.0,2.0,2.0,3.0,2.0,3.0,2.0,6,15
71,5e63155f0ce65909fda373f1,I,3.0,1.0,3.0,2.0,4.0,5.0,4.0,2.0,Talk to my cousins Have a great chat It would be nice to catch up more and have a great time talking,5e63155f0ce65909fda373f1,2.0,2.0,3.0,2.0,2.0,3.0,3.0,2.0,3.0,3.0,2.0,3.0,2.0,3.0,12,22
72,5e6387b1b7d70b10675e3a26,I,6.0,1.0,6.0,6.0,6.0,6.0,7.0,7.0,Grow my stock portfolio Be closer to retirement Excitement as I would be one step closer to my biggest goal of retiring. I'd celebrate by treating myself to a nice take out dinner and maybe an RC Car. Calling my parents would also be part of the celebration.,5e6387b1b7d70b10675e3a26,2.0,2.0,3.0,2.0,2.0,3.0,3.0,2.0,4.0,3.0,2.0,4.0,2.0,3.0,21,52
73,5e7ba35f8cf7da093a895c3a,I,1.0,1.0,2.0,2.0,1.0,4.0,1.0,1.0,Have less anxiety Feel generally calmer Not sure what to write,5e7ba35f8cf7da093a895c3a,2.0,2.0,1.0,2.0,2.0,1.0,2.0,3.0,1.0,2.0,3.0,1.0,2.0,2.0,4,11
74,5e7cb12fec4f3d0275df62c4,MC,6.0,1.0,5.0,4.0,7.0,6.0,7.0,6.0,Do work I've put off Get it done Get all of my assignments done so that I dont stress over them,5e7cb12fec4f3d0275df62c4,2.0,2.0,5.0,2.0,2.0,5.0,2.0,2.0,3.0,2.0,2.0,3.0,3.0,2.0,12,22
75,5e7d2e589a82110e3e143df2,MC,5.0,1.0,4.0,5.0,5.0,4.0,5.0,4.0,just be happy just stay good with my friends and girlfriend be as i am now,5e7d2e589a82110e3e143df2,2.0,2.0,5.0,2.0,2.0,5.0,1.0,3.0,2.0,1.0,3.0,2.0,3.0,2.0,11,16
76,5e827e743fc2bd0f3dcfc34d,MC,5.0,1.0,5.0,5.0,5.0,5.0,5.0,5.0,not having an anxiety attack being stress free  being happy and relaxing,5e827e743fc2bd0f3dcfc34d,2.0,2.0,2.0,2.0,2.0,2.0,2.0,2.0,1.0,2.0,2.0,1.0,2.0,2.0,6,12
77,5e83d37956541b11d8a8734a,MC,6.0,1.0,5.0,5.0,7.0,5.0,6.0,6.0,I need to workout I completed a full workout I completed my entire workout,5e83d37956541b11d8a8734a,5.0,5.0,5.0,5.0,5.0,5.0,2.0,4.0,4.0,2.0,4.0,4.0,5.0,3.0,6,14
78,5e84aa50dd580b03df738ac1,MC,5.0,1.0,4.0,5.0,5.0,6.0,5.0,4.0,Finish a book satisfaction and gaining knowledge  I feel well rounded and inspired after finishing a book,5e84aa50dd580b03df738ac1,2.0,2.0,5.0,2.0,2.0,5.0,2.0,3.0,4.0,2.0,3.0,4.0,3.0,3.0,6,17
79,5e8804c63ac81448c5ab0fa5,MC,5.0,2.0,5.0,5.0,6.0,6.0,6.0,6.0,Finish daily census work I feel satisfied I have completed an assigned task. I have done it successfuuly,5e8804c63ac81448c5ab0fa5,2.0,5.0,5.0,2.0,5.0,5.0,3.0,3.0,4.0,3.0,3.0,4.0,4.0,3.0,7,19
80,5e8cd8011a88ad08f181eb96,I,7.0,3.0,7.0,7.0,7.0,7.0,7.0,7.0,I would like to get my yard work done. I would feel accomplished. It has rained so much the last couple days.  I have fallen behind in my yard work.  If I can get it done today now that it's nice I would be very pleased.,5e8cd8011a88ad08f181eb96,3.0,3.0,5.0,3.0,3.0,5.0,4.0,3.0,4.0,4.0,3.0,4.0,4.0,4.0,22,52
81,5e930c9f49a5ba63353b0e85,I,5.0,2.0,3.0,3.0,4.0,5.0,7.0,4.0,"I want my mother to feel loved. Helping her and making sure she eats. I can see my tired from doing what needs to be done in order for my mother to have an easier life. I can feel the exhaustion, but I can also feel the amount of work I've done. The amount of care that will be done for mother in the pursuit of making her life easier. ",5e930c9f49a5ba63353b0e85,5.0,2.0,5.0,5.0,2.0,5.0,4.0,3.0,3.0,4.0,3.0,3.0,4.0,3.0,39,77
82,5e946b486914d12ae3471e4a,I,6.0,1.0,6.0,6.0,6.0,6.0,6.0,6.0,no no good,5e946b486914d12ae3471e4a,1.0,1.0,1.0,1.0,1.0,1.0,1.0,1.0,1.0,1.0,1.0,1.0,1.0,1.0,2,3
83,5e960f3a4998da08b0c0290c,I,4.0,1.0,3.0,3.0,5.0,5.0,4.0,3.0,I lay out a plan for my project. I finish the work according to the plan. I would be very happy if I meet my plan.,5e960f3a4998da08b0c0290c,5.0,5.0,3.0,5.0,5.0,3.0,4.0,4.0,3.0,4.0,4.0,3.0,4.0,4.0,15,29
84,5e98bc8a81343c0c36dc33ff,MC,6.0,2.0,4.0,4.0,4.0,6.0,6.0,4.0,apply for hardship getting the hardship thinking about the jobs I can apply for and making more money to support myself through grad school,5e98bc8a81343c0c36dc33ff,2.0,2.0,3.0,2.0,2.0,3.0,2.0,2.0,4.0,2.0,2.0,4.0,2.0,3.0,12,24
85,5e991aaac7bc1615ea5b3eb8,MC,4.0,2.0,4.0,4.0,4.0,4.0,4.0,5.0,"Winning the lottery! Secure, comfortable, and fulfilled. No more worries about how I'm going to live, I can retire, help people.",5e991aaac7bc1615ea5b3eb8,2.0,1.0,5.0,2.0,1.0,5.0,2.0,1.0,4.0,2.0,1.0,4.0,3.0,2.0,10,29
86,5ea0dd9a2b67cb0dfd30f275,MC,7.0,4.0,7.0,7.0,7.0,7.0,7.0,7.0,I just want to be happy I will feel emotionally strong great self-esteem and confidence,5ea0dd9a2b67cb0dfd30f275,5.0,5.0,1.0,5.0,5.0,1.0,2.0,4.0,2.0,2.0,4.0,2.0,4.0,3.0,7,15
87,5eb477adfafd942c92a1e302,MC,6.0,2.0,6.0,5.0,5.0,5.0,6.0,5.0,help to charity if i can get lots of money if i can get lots of money then i can help to people and charity,5eb477adfafd942c92a1e302,5.0,5.0,5.0,5.0,5.0,5.0,2.0,3.0,3.0,2.0,3.0,3.0,5.0,3.0,14,25
88,5eb4b5001cabb13244bd4836,MC,5.0,1.0,4.0,4.0,5.0,5.0,6.0,5.0,I wish to watch netflix I would be happy and entertained When I watch Netflix it is a stress reliever to me. I am able to immerse myself into a different world and forget about my own.,5eb4b5001cabb13244bd4836,3.0,3.0,5.0,3.0,3.0,5.0,3.0,3.0,4.0,3.0,3.0,4.0,4.0,3.0,22,39
89,5eb5e3d2ea17ff4c2acdb19e,MC,6.0,2.0,5.0,5.0,5.0,5.0,5.0,5.0,"Finish my methods section feel complete and like Im making progress A time progress bar, and I am moving forward on it.",5eb5e3d2ea17ff4c2acdb19e,2.0,5.0,5.0,2.0,5.0,5.0,3.0,3.0,3.0,3.0,3.0,3.0,4.0,3.0,8,24
90,5eb6df62c23fbf5e87db6b4b,I,5.0,1.0,5.0,5.0,5.0,6.0,6.0,6.0,"I will talk in my recovery meeting Sharing for a few minutes I am learning to name my feelings and also to say them out loud to other people. It is very difficult to me, so much that it is physically hard for me to get the words out (I sound like I'm about to cry). Practice makes perfect so keeping my mouth shut isn't going to make sharing any easier. ",5eb6df62c23fbf5e87db6b4b,5.0,2.0,5.0,5.0,2.0,5.0,4.0,3.0,4.0,4.0,3.0,4.0,4.0,4.0,40,79
91,5ebadbc66befc107469d3c2f,I,2.0,1.0,4.0,2.0,3.0,3.0,5.0,2.0,"Learn React Native flexbox I master it I imagine that i won't have to worry about styling for the app I am building if I learn Flexbox. 

I will feel accomplished.",5ebadbc66befc107469d3c2f,2.0,5.0,5.0,2.0,5.0,5.0,3.0,3.0,4.0,3.0,3.0,4.0,4.0,3.0,16,34
92,5ebb046b569ac10bafd80daf,I,3.0,1.0,3.0,3.0,2.0,1.0,4.0,3.0,Win some money  Great  It would be great to win some money ,5ebb046b569ac10bafd80daf,2.0,1.0,3.0,2.0,1.0,3.0,2.0,1.0,3.0,2.0,1.0,3.0,2.0,2.0,5,12
93,5ebbf3d4af2b6401d3eeee62,I,4.0,1.0,4.0,5.0,4.0,4.0,4.0,6.0,jj jjhj bf,5ebbf3d4af2b6401d3eeee62,1.0,1.0,1.0,1.0,1.0,1.0,1.0,1.0,1.0,1.0,1.0,1.0,1.0,1.0,0,3
94,5ebc847ccbdc280d1edc1a40,MC,6.0,1.0,4.0,4.0,4.0,5.0,6.0,4.0,get program fixed I get it fixed Fixing the bugs in the program would allow me to move onto the next project.,5ebc847ccbdc280d1edc1a40,2.0,5.0,3.0,2.0,5.0,3.0,2.0,3.0,4.0,2.0,3.0,4.0,3.0,3.0,8,23
95,5ebdd09e4b759c113cc0e1b7,I,5.0,1.0,5.0,5.0,5.0,5.0,6.0,5.0,i would like to make 60 i would feel richer i would be able to buy a new vidya game,5ebdd09e4b759c113cc0e1b7,3.0,3.0,3.0,3.0,3.0,3.0,3.0,3.0,4.0,3.0,3.0,4.0,3.0,3.0,7,20
96,5ec51785bfb2ff453b58a8ed,I,4.0,1.0,5.0,5.0,4.0,4.0,4.0,4.0,car  ,5ec51785bfb2ff453b58a8ed,1.0,1.0,1.0,1.0,1.0,1.0,1.0,1.0,1.0,1.0,1.0,1.0,1.0,1.0,0,1
97,5ecc07204131bd7c4c6b4b79,I,5.0,1.0,5.0,5.0,5.0,5.0,5.0,5.0,happy and relaxed stress free and relaxed enjoying life,5ecc07204131bd7c4c6b4b79,1.0,1.0,2.0,1.0,1.0,2.0,2.0,1.0,2.0,2.0,1.0,2.0,1.0,2.0,2,9
98,5eccfd5e040498000acbab5c,MC,5.0,1.0,4.0,4.0,5.0,5.0,4.0,5.0,"If I keep myself composed and keep reminding myself that I once was a child too, I will not get as irritated at my daughter and she will be happier My daughter would feel happier and I would feel like a better parent I often get irritable at my daughter because she is 4, she has been stuck at home for 6 months and she is loud, active, and sometimes very annoying. But I love her and I want to be a better parent and not get so irritated with her ",5eccfd5e040498000acbab5c,5.0,3.0,5.0,5.0,3.0,5.0,5.0,5.0,5.0,5.0,5.0,5.0,4.0,5.0,54,96
99,5ed53833cb34a1098e5e2bce,I,4.0,1.0,1.0,1.0,4.0,3.0,3.0,2.0,"To not overeat today Eating less to lose weight I am still in the process of losing a lot of stored up weight. Overeating today would only hurt me in that process, so I would feel much better at the end of the day if I stayed within a certain calorie intake.",5ed53833cb34a1098e5e2bce,2.0,2.0,3.0,2.0,2.0,3.0,3.0,3.0,5.0,3.0,3.0,5.0,2.0,4.0,24,55
100,5ed802f6115bb42fa91ea35e,MC,6.0,1.0,4.0,4.0,7.0,5.0,5.0,3.0,"finish reading my book happy and accomplished I enjoy reading and have been reading a lot this year. I have been able to finish all my books in about 3 days, however, the last book I read ruined my streak. It was not a pleasant book, but I don't like not finishing books. So this book tooke me long to finsish. This new book I started, I love and very much want to keep reading and finish so I can go to another book.",5ed802f6115bb42fa91ea35e,2.0,1.0,5.0,2.0,1.0,5.0,3.0,1.0,5.0,3.0,1.0,5.0,3.0,3.0,42,94
101,5ed831c573beeb32b5328660,I,6.0,1.0,6.0,7.0,6.0,6.0,7.0,6.0,"Feel healthy in my body Experience vitality Have energy to take care of self and others
Inspire others to be healthy
Feel more connected to self and family
Feel confident and excited for future",5ed831c573beeb32b5328660,2.0,2.0,2.0,2.0,2.0,2.0,3.0,2.0,4.0,3.0,2.0,4.0,2.0,3.0,13,34
102,5edbdb8d19fa7f8717e17104,I,5.0,1.0,5.0,5.0,5.0,6.0,5.0,5.0,Get ready for job back Make me happy Just it,5edbdb8d19fa7f8717e17104,1.0,2.0,1.0,1.0,2.0,1.0,3.0,3.0,1.0,3.0,3.0,1.0,1.0,2.0,4,10
103,5edce23067f8fc033ade7531,I,7.0,4.0,7.0,7.0,7.0,7.0,7.0,7.0,I wish to start a business I will feel comfortable I will feel comfortable because I would be my own boss.,5edce23067f8fc033ade7531,3.0,5.0,5.0,3.0,5.0,5.0,3.0,3.0,4.0,3.0,3.0,4.0,4.0,3.0,12,22
104,5ede844c1b8bce0f4fe4e81c,MC,5.0,2.0,6.0,5.0,5.0,5.0,5.0,6.0,Research opportunities for myself Finding a good opportunity Making best use of the opportunity,5ede844c1b8bce0f4fe4e81c,1.0,2.0,2.0,1.0,2.0,2.0,3.0,3.0,3.0,3.0,3.0,3.0,2.0,3.0,5,14
105,5edfd5c67f45882ee8842c27,MC,5.0,1.0,4.0,3.0,6.0,4.0,5.0,5.0,"Do not overeat Accomplished, healthy, and confident I would not feel nauseous from overeating, but would rather be more mindful about what I put in my body. I will enjoy my food more and won't feel sick from eating too much. I will have energy to exercise and I won't feel/look bloated.",5edfd5c67f45882ee8842c27,2.0,1.0,3.0,2.0,1.0,3.0,2.0,1.0,5.0,2.0,1.0,5.0,2.0,3.0,27,60
106,5ee2a2503b34be7c5447f433,I,4.0,1.0,4.0,3.0,5.0,4.0,5.0,4.0,to be more loving towards others to be proud of myself I would be very glad if I could make another person happy,5ee2a2503b34be7c5447f433,2.0,2.0,3.0,2.0,2.0,3.0,3.0,2.0,4.0,3.0,2.0,4.0,2.0,3.0,12,23
107,5ee7d4186d433d0b1b02bb20,MC,1.0,1.0,1.0,1.0,1.0,1.0,1.0,1.0,Motivation for work Being able to get all yard work done tomorrow The best outcome is being able to get all the yard work done as there is a year's worth to do.,5ee7d4186d433d0b1b02bb20,1.0,2.0,2.0,1.0,2.0,2.0,2.0,4.0,4.0,2.0,4.0,4.0,2.0,3.0,16,35
108,5ee87daba93d8b00089c7049,MC,6.0,3.0,6.0,6.0,6.0,6.0,6.0,5.0,"Buying a new smartphone I will be more comfortable The type of smartphone I influence my personality. Thus, my personality has now improved",5ee87daba93d8b00089c7049,2.0,5.0,5.0,2.0,5.0,5.0,3.0,3.0,4.0,3.0,3.0,4.0,4.0,3.0,12,25
109,5ee93b8a0757731be7ee6374,MC,6.0,1.0,5.0,6.0,5.0,5.0,6.0,6.0,to be alone and meditate on my life  I would find answers I would discover my true motivations,5ee93b8a0757731be7ee6374,2.0,3.0,3.0,2.0,3.0,3.0,4.0,3.0,4.0,4.0,3.0,4.0,3.0,4.0,8,18
110,5ee99b84c6fc7e346a5e4d84,MC,4.0,1.0,3.0,2.0,4.0,2.0,2.0,3.0,Complete the yard work It would be fulfilling Happy nice ,5ee99b84c6fc7e346a5e4d84,2.0,2.0,1.0,2.0,2.0,1.0,3.0,2.0,1.0,3.0,2.0,1.0,2.0,2.0,3,10
111,5eea61972ad8e71445d7c84c,I,6.0,1.0,7.0,6.0,7.0,7.0,7.0,6.0,Relationship Best life I want to be passed my best life. Every time want to enjoin in life.,5eea61972ad8e71445d7c84c,1.0,1.0,5.0,1.0,1.0,5.0,1.0,2.0,4.0,1.0,2.0,4.0,2.0,2.0,6,20
112,5eeab8dbac2ca01de4018af0,I,6.0,1.0,6.0,5.0,7.0,7.0,7.0,6.0,Clean my room peace of mind I have a big weight off my shoulders. No more worrying about cleaning while trying to relax.,5eeab8dbac2ca01de4018af0,2.0,1.0,5.0,2.0,1.0,5.0,3.0,1.0,5.0,3.0,1.0,5.0,3.0,3.0,12,25
113,5eeae0b5d11ddb2126b1e2bf,MC,6.0,1.0,6.0,5.0,5.0,6.0,7.0,6.0,To be kind Fulfilled  I am overcome with happiness. I can understand. I am empathizing. ,5eeae0b5d11ddb2126b1e2bf,2.0,1.0,5.0,2.0,1.0,5.0,1.0,1.0,3.0,1.0,1.0,3.0,3.0,2.0,9,18
114,5eeb734a0654c307aadfe0c3,I,4.0,1.0,4.0,3.0,4.0,3.0,4.0,5.0,"Not to be angry Happy and calm Being anywhere and in any situation, I am happy and not mad at any external things that are out of my control",5eeb734a0654c307aadfe0c3,2.0,1.0,5.0,2.0,1.0,5.0,2.0,1.0,4.0,2.0,1.0,4.0,3.0,2.0,19,30
115,5eec844dde30ed0009d14eba,MC,7.0,3.0,7.0,7.0,7.0,7.0,7.0,7.0,"Research about a good side hustle I can do to improve my income Great Accomplishment, success",5eec844dde30ed0009d14eba,5.0,1.0,1.0,5.0,1.0,1.0,5.0,1.0,1.0,5.0,1.0,1.0,2.0,2.0,7,17
116,5ef0d2abecae6d04de905512,MC,5.0,1.0,4.0,4.0,6.0,4.0,5.0,4.0,See my friend who is finally home Very happy  Seeing my friend after 2 years of him being stationed away would make me very happy. I am excited that I get to catch up with him again and that he is finally home.,5ef0d2abecae6d04de905512,2.0,1.0,5.0,2.0,1.0,5.0,4.0,2.0,5.0,4.0,2.0,5.0,3.0,4.0,24,45
117,5ef2d7247fab4b18187eb534,MC,6.0,1.0,5.0,5.0,5.0,5.0,5.0,6.0,Complete my task at work I would feel satisfied with my results I would be happy that I spent the time to complete my tasks,5ef2d7247fab4b18187eb534,2.0,3.0,3.0,2.0,3.0,3.0,4.0,4.0,4.0,4.0,4.0,4.0,3.0,4.0,12,25
118,5ef31a3f0ec7340290db464b,MC,7.0,4.0,7.0,7.0,7.0,7.0,7.0,7.0,Wish i will get a chocolate cake Good I can't wait to eat some chocolate cake...my mouth waters already.,5ef31a3f0ec7340290db464b,3.0,1.0,5.0,3.0,1.0,5.0,3.0,1.0,4.0,3.0,1.0,4.0,3.0,3.0,7,23
119,5ef37c71b5135f0e29184498,MC,1.0,1.0,2.0,1.0,4.0,3.0,1.0,1.0,Finish packing Everything will be ready to go! All my stuff will be packed so there will be less overall stress and translation into a new city will hopefully be easier,5ef37c71b5135f0e29184498,2.0,5.0,5.0,2.0,5.0,5.0,2.0,3.0,4.0,2.0,3.0,4.0,4.0,3.0,16,32
120,5ef41167f2caff1d7ba24454,MC,4.0,1.0,4.0,3.0,3.0,3.0,3.0,3.0,  ,5ef41167f2caff1d7ba24454,1.0,1.0,1.0,1.0,1.0,1.0,1.0,1.0,1.0,1.0,1.0,1.0,1.0,1.0,0,0
121,5ef4f294a754761063674f12,I,3.0,1.0,3.0,2.0,3.0,3.0,3.0,3.0,  ,5ef4f294a754761063674f12,1.0,1.0,1.0,1.0,1.0,1.0,1.0,1.0,1.0,1.0,1.0,1.0,1.0,1.0,0,0
122,5ef563ed08cd7c1c23712488,MC,3.0,1.0,3.0,3.0,3.0,3.0,4.0,4.0,Getting up early Having more time in a day Being more productive ,5ef563ed08cd7c1c23712488,2.0,2.0,2.0,2.0,2.0,2.0,2.0,4.0,2.0,2.0,4.0,2.0,2.0,3.0,7,12
123,5ef56707b86de51c9ced0b36,I,7.0,3.0,6.0,5.0,6.0,6.0,6.0,7.0,finish reading the book im currently reading proud and ready to take on another task sense of responsibility to listen to my wants and needs instead of putting them off for my daily chores as a mom. i need to find time for the things i want as well.,5ef56707b86de51c9ced0b36,2.0,2.0,5.0,2.0,2.0,5.0,3.0,4.0,4.0,3.0,4.0,4.0,3.0,4.0,22,51
124,5ef819c640846d562cc3cd7e,MC,1.0,1.0,1.0,1.0,1.0,1.0,1.0,1.0,drink a gallon of water hydrated and energized I see a happier version of myself ,5ef819c640846d562cc3cd7e,2.0,1.0,3.0,2.0,1.0,3.0,3.0,1.0,4.0,3.0,1.0,4.0,2.0,3.0,7,15
125,5ef81a32c4576a565bb8380c,MC,4.0,2.0,5.0,5.0,5.0,4.0,5.0,5.0,repeat approach fuse comfort souvenir start All the good will come back,5ef81a32c4576a565bb8380c,2.0,1.0,5.0,2.0,1.0,5.0,3.0,1.0,2.0,3.0,1.0,2.0,3.0,2.0,3,12
126,5efa9081fcffd01a80f82502,MC,2.0,1.0,2.0,2.0,2.0,2.0,2.0,2.0,good no hg,5efa9081fcffd01a80f82502,1.0,1.0,1.0,1.0,1.0,1.0,1.0,1.0,1.0,1.0,1.0,1.0,1.0,1.0,1,3
127,5efb8f3656adde118c3a0e36,I,7.0,2.0,7.0,5.0,6.0,5.0,4.0,7.0,"Every business is being asked to fulfill its patriotic duty. ... Just as Americans have always done, they will do a job like few have seen before Every business is being asked to fulfill its patriotic duty. ... Just as Americans have always done, they will do a job like few have seen before Every business is being asked to fulfill its patriotic duty. ... Just as Americans have always done, they will do a job like few have seen before",5efb8f3656adde118c3a0e36,5.0,5.0,5.0,5.0,5.0,5.0,5.0,5.0,5.0,5.0,5.0,5.0,5.0,5.0,42,87
128,5efc7dfcf7176d029d67c459,I,6.0,4.0,6.0,6.0,6.0,6.0,7.0,7.0,"Get a slice of Red Velvet Cake. Makes me feel real good. I am thinking of how good, eating a Red Velvet Cake is right now.",5efc7dfcf7176d029d67c459,2.0,2.0,2.0,2.0,4.0,3.0,2.0,3.0,5.0,3.0,3.0,4.0,2.0,3.0,10,30
129,5effb6ba633ea409d472e76e,I,7.0,2.0,6.0,4.0,6.0,6.0,5.0,5.0,Get my car fix . It will make me feel happy  After o fix my car I’m gonna be available to go to work ,5effb6ba633ea409d472e76e,2.0,5.0,5.0,3.0,5.0,5.0,2.0,3.0,5.0,3.0,3.0,5.0,4.0,4.0,12,27
130,5f001fa6eba35111ac4376e9,MC,6.0,1.0,6.0,6.0,6.0,7.0,7.0,5.0,Visit a friend  good relationship making Visiting my friend in his house will take our friendship to a next level creating better understanding and it will also give us a quality time.,5f001fa6eba35111ac4376e9,2.0,1.0,5.0,2.0,2.0,5.0,2.0,2.0,5.0,2.0,2.0,5.0,3.0,3.0,12,33
131,5f0027fc03078112dcf1133c,I,6.0,1.0,6.0,6.0,6.0,6.0,7.0,7.0,Having a perfect health Be very grateful I will be happy having a good health.,5f0027fc03078112dcf1133c,2.0,1.0,5.0,2.0,2.0,1.0,2.0,1.0,4.0,2.0,2.0,4.0,2.0,2.0,9,16
132,5f004341b4eb76146e106e12,MC,7.0,2.0,6.0,6.0,7.0,6.0,7.0,6.0,To get promoted I will feel great I will have to take a vocation to India just to celebrate that,5f004341b4eb76146e106e12,2.0,5.0,5.0,2.0,5.0,5.0,2.0,3.0,4.0,2.0,3.0,4.0,4.0,3.0,12,20
133,5f00962229c0c91b39d1978e,MC,6.0,3.0,7.0,5.0,7.0,6.0,5.0,7.0,seeing the most dearest person to me elated happy and ecstatic,5f00962229c0c91b39d1978e,2.0,1.0,1.0,3.0,1.0,1.0,3.0,1.0,1.0,4.0,1.0,2.0,2.0,2.0,5,11
134,5f0142aa1eb1e528e7abce50,I,6.0,1.0,5.0,5.0,6.0,5.0,6.0,6.0,Finish another chapter of novel I completely finish Write about 1k words today. Plot out next steps nighttime tea and cookies while writing. Feeling cozy and focused. Understanding my characters and the plot + pacing. Hearing the clack of my keyboard as I type quickly and confidently. ,5f0142aa1eb1e528e7abce50,2.0,2.0,5.0,2.0,3.0,4.0,2.0,2.0,5.0,3.0,3.0,4.0,3.0,3.0,16,52
135,5f04e4e580100c171b58d843,I,6.0,2.0,6.0,6.0,6.0,6.0,7.0,6.0,"happy excited excited, happy",5f04e4e580100c171b58d843,1.0,1.0,1.0,1.0,1.0,1.0,1.0,1.0,1.0,1.0,1.0,2.0,1.0,1.0,0,5
136,5f081f29b11b0f4706f12470,I,6.0,2.0,7.0,7.0,5.0,7.0,5.0,7.0,That I could go out on dinner It will make me feel good.  Having this best outcome will really excite me. ,5f081f29b11b0f4706f12470,3.0,5.0,5.0,3.0,5.0,5.0,3.0,3.0,1.0,3.0,3.0,3.0,4.0,3.0,11,23
137,5f09554eacb8841e0dcd393d,MC,5.0,2.0,5.0,5.0,5.0,5.0,5.0,5.0,Job Gain Drop of rain from the cloud,5f09554eacb8841e0dcd393d,1.0,1.0,1.0,1.0,1.0,1.0,1.0,1.0,2.0,1.0,1.0,2.0,1.0,1.0,3,8
138,5f09ff8304954e2b123bb07c,I,5.0,1.0,6.0,5.0,7.0,7.0,7.0,7.0,I want to take rest If I take vecation It will be fulfilled If I would go a vatation,5f09ff8304954e2b123bb07c,2.0,2.0,5.0,3.0,3.0,5.0,2.0,2.0,4.0,3.0,3.0,3.0,3.0,3.0,10,19
139,5f0a11f36652942c9e206547,MC,7.0,4.0,7.0,7.0,7.0,7.0,7.0,7.0,Very nice most important Wish Very nice  best Outcome Very nice  best Outcome thoughts and images down below,5f0a11f36652942c9e206547,1.0,1.0,1.0,1.0,1.0,1.0,1.0,1.0,1.0,1.0,1.0,1.0,1.0,1.0,7,18
140,5f0af6c31bf0713d86e4e62d,I,5.0,3.0,5.0,6.0,5.0,5.0,5.0,6.0," wish to visit a charity home I would feel generous Seeing people suffer a lot of had times hasn't been comfortable with me so I try as much as possible to lend helping hand to motherless baby thus, provide some essential materials and money upkeep.",5f0af6c31bf0713d86e4e62d,2.0,3.0,5.0,3.0,3.0,5.0,2.0,3.0,5.0,3.0,3.0,5.0,4.0,4.0,18,48
141,5f0b3e53346a2508230a67d9,MC,7.0,4.0,7.0,7.0,7.0,7.0,7.0,7.0,"To not smoke for 24 hours hopeful yet more vigilant Withdrawals set in with mind whirling, fear, shaking, anger, irritation, nervous, distracted. Still, I feel happy to get just one day behind me. Excited to go for another day. Walking straighter, breathing more deeply and with mindfulness. A glimpse of peace.",5f0b3e53346a2508230a67d9,2.0,3.0,5.0,2.0,2.0,5.0,2.0,1.0,5.0,4.0,2.0,5.0,3.0,3.0,17,64
142,5f0c911fc6db5763705037ef,I,3.0,1.0,3.0,3.0,3.0,3.0,3.0,3.0,I would like to make a nice dinner. Happy I would enjoy a good meal.,5f0c911fc6db5763705037ef,3.0,1.0,3.0,3.0,1.0,3.0,3.0,1.0,3.0,4.0,1.0,4.0,2.0,3.0,5,17
143,5f0cd090c46f4017b410ccbf,MC,5.0,1.0,6.0,4.0,5.0,5.0,5.0,4.0,"clean the house more pleasant surroundings Clean surfaces, everything in its place, more room to live in",5f0cd090c46f4017b410ccbf,2.0,1.0,1.0,2.0,1.0,2.0,2.0,2.0,2.0,2.0,2.0,3.0,2.0,2.0,7,19
144,5f0d810af3daf501de98e235,MC,7.0,3.0,7.0,7.0,7.0,7.0,7.0,7.0,I wish to go for a date  Works  I worked throughout the day no time to go out for dating or launch ,5f0d810af3daf501de98e235,2.0,1.0,2.0,3.0,1.0,5.0,3.0,1.0,5.0,3.0,1.0,5.0,2.0,3.0,11,22
145,5f0e3846c4ea8717ab1b72bb,MC,6.0,3.0,5.0,6.0,6.0,6.0,5.0,4.0,get my room neat Happy Dancing,5f0e3846c4ea8717ab1b72bb,2.0,1.0,1.0,2.0,1.0,2.0,2.0,1.0,1.0,3.0,1.0,1.0,2.0,2.0,1,6
146,5f0fc68b01b48a1bba67a714,I,5.0,1.0,5.0,6.0,6.0,5.0,5.0,5.0,Want a family get to gather Make me happy then Just that I told,5f0fc68b01b48a1bba67a714,2.0,2.0,1.0,1.0,5.0,2.0,1.0,2.0,2.0,2.0,3.0,2.0,2.0,2.0,7,14
147,5f1177bf661dcd51de2cb852,MC,6.0,2.0,6.0,7.0,6.0,6.0,7.0,6.0,"$5,000  Very happy  I could use the money to achieve so many things in a day ",5f1177bf661dcd51de2cb852,1.0,1.0,3.0,1.0,1.0,3.0,1.0,1.0,2.0,1.0,2.0,5.0,2.0,2.0,7,17
148,5f12434469688108dff71446,I,1.0,1.0,1.0,1.0,1.0,1.0,1.0,1.0,Apply to jobs  Finding a job  Independence and stability ,5f12434469688108dff71446,2.0,2.0,1.0,2.0,2.0,2.0,2.0,2.0,1.0,2.0,2.0,3.0,2.0,2.0,3,9
149,5f143d48399eaf497b4b9cec,MC,5.0,1.0,5.0,5.0,5.0,5.0,5.0,7.0,Clean the kitchen Less stressed and calm inner peace when walking into the kitchen not seeing messes,5f143d48399eaf497b4b9cec,2.0,1.0,1.0,2.0,2.0,2.0,2.0,1.0,4.0,2.0,2.0,4.0,2.0,2.0,6,17
150,5f146ef9ea975204c13351bf,I,6.0,2.0,7.0,6.0,7.0,7.0,7.0,7.0,"Be content and have a goal/purpose Create somthing I would hope to have something that would entertain me, keep me distracted. I would like to have a goal I can achieve and once achieved, still be left with something.",5f146ef9ea975204c13351bf,2.0,2.0,3.0,2.0,2.0,3.0,4.0,1.0,5.0,3.0,2.0,3.0,2.0,3.0,20,43
151,5f14b6c41936800b900df943,I,6.0,1.0,5.0,5.0,5.0,5.0,5.0,4.0,Getting my work done  I would not have to worry  About finishing my work ,5f14b6c41936800b900df943,2.0,3.0,1.0,3.0,3.0,2.0,3.0,3.0,2.0,2.0,3.0,2.0,2.0,2.0,7,14
152,5f14c3c615487c0d3771254c,I,7.0,1.0,7.0,7.0,7.0,7.0,7.0,7.0,"Not bottle emotions Less weight on my shoulders Relief, happy",5f14c3c615487c0d3771254c,2.0,1.0,1.0,1.0,2.0,1.0,2.0,3.0,1.0,2.0,2.0,2.0,1.0,2.0,3,11
153,5f14fd4d7b7a1911ef3fb8ad,I,5.0,2.0,5.0,5.0,5.0,5.0,6.0,5.0,write meaningful blog posts I would feel satisfied I would feel satisfied because this is a goal that I have been working towards for a long time. Writer's block makes it difficult for me to write and I want my blog to look and perform well.,5f14fd4d7b7a1911ef3fb8ad,2.0,3.0,3.0,2.0,3.0,3.0,3.0,3.0,5.0,3.0,3.0,5.0,3.0,4.0,21,49
154,5f15b6e9f7fa5e084eae1851,I,7.0,2.0,7.0,7.0,7.0,7.0,7.0,7.0,I wish I had more savings.  I would afford to buy a new house.  I would then make my family more happy and comfortable. ,5f15b6e9f7fa5e084eae1851,2.0,3.0,3.0,3.0,3.0,3.0,3.0,3.0,4.0,3.0,3.0,4.0,3.0,3.0,12,27
155,5f15b80b545a205ae35ca931,I,6.0,2.0,6.0,5.0,6.0,5.0,5.0,6.0,its my favourate dish i wish to get its my dish is going to ready its need to check my account,5f15b80b545a205ae35ca931,2.0,5.0,1.0,3.0,5.0,2.0,3.0,3.0,3.0,4.0,3.0,3.0,3.0,3.0,11,21
156,5f1624cd6b42b767a5e3e86c,I,5.0,2.0,7.0,6.0,6.0,7.0,6.0,5.0,Make a to do list. Relieved and ready I can go on with my days knowing that I've faced the things I have been putting off for months.,5f1624cd6b42b767a5e3e86c,2.0,1.0,5.0,2.0,2.0,5.0,2.0,1.0,4.0,2.0,2.0,5.0,3.0,3.0,17,31
157,5f163ea847667c19f8808b47,I,6.0,1.0,5.0,5.0,3.0,4.0,5.0,6.0,Buy a new Laptop Blessed and motivated I would be blessed and motivated to work more when i get a new laptop.,5f163ea847667c19f8808b47,2.0,1.0,3.0,2.0,1.0,3.0,3.0,1.0,4.0,2.0,2.0,4.0,2.0,3.0,10,23
158,5f16618b9a197d3420b09175,I,5.0,2.0,5.0,4.0,5.0,6.0,5.0,5.0,Can follow all advices from mom Happy I will be very happy then.,5f16618b9a197d3420b09175,2.0,1.0,5.0,3.0,1.0,5.0,3.0,1.0,3.0,3.0,1.0,3.0,3.0,2.0,8,14
159,5f16f33f51a59300099dbe76,I,5.0,1.0,4.0,4.0,4.0,5.0,5.0,4.0,Workout and study  Successful and proud I will feel better cause I’ve been lacking,5f16f33f51a59300099dbe76,1.0,1.0,5.0,2.0,1.0,5.0,2.0,1.0,3.0,2.0,2.0,3.0,2.0,2.0,7,16
160,5f16f96f65243c01ecdda75c,I,5.0,1.0,5.0,5.0,5.0,6.0,5.0,5.0,arrive home safely catch up with the whole family the whole family enjoy dinner together ,5f16f96f65243c01ecdda75c,2.0,2.0,1.0,2.0,2.0,2.0,3.0,2.0,3.0,3.0,2.0,3.0,2.0,3.0,4,15
161,5f18c9f4ad9b9d0f839b0e65,MC,7.0,4.0,7.0,7.0,7.0,7.0,7.0,7.0,"Do the dishes Better I think, i will feel relieved after doing the dishes.",5f18c9f4ad9b9d0f839b0e65,2.0,1.0,5.0,2.0,1.0,5.0,2.0,1.0,3.0,2.0,1.0,3.0,3.0,2.0,8,16
162,5f191a588c02f3165938f3ae,MC,7.0,2.0,4.0,4.0,7.0,6.0,7.0,6.0,Call about a job opportunity  Calling the place and asking if they can interview me This would be an amazing opportunity ,5f191a588c02f3165938f3ae,2.0,2.0,3.0,2.0,2.0,3.0,2.0,3.0,2.0,2.0,3.0,2.0,2.0,2.0,11,21
163,5f1933b4873ae51897e1ed2b,MC,6.0,3.0,6.0,6.0,6.0,5.0,5.0,6.0,Overcoming obstacles is hard but wonderfully gratifying. Here's how you can identify and tackle the most challenging and surprising obstructions. ... helps people feel truly accomplished when they finally reach their pinnacle of success I will feel so happy if my dream comes true Nothing speacial,5f1933b4873ae51897e1ed2b,2.0,5.0,1.0,1.0,5.0,1.0,5.0,3.0,1.0,3.0,4.0,1.0,2.0,3.0,19,49
164,5f1942b8de6ae7199e08b7c5,I,5.0,1.0,6.0,5.0,6.0,4.0,4.0,6.0,i think more good 24 houre its nice i think this is very good time,5f1942b8de6ae7199e08b7c5,3.0,1.0,1.0,1.0,2.0,3.0,4.0,1.0,3.0,3.0,1.0,3.0,2.0,2.0,7,15
165,5f19d02f13c89a0721dda135,I,3.0,1.0,4.0,3.0,4.0,3.0,4.0,5.0,"getting myself a pizza it would make me feel happy i wanted it and i got it, that would make me feel happy",5f19d02f13c89a0721dda135,2.0,3.0,3.0,3.0,3.0,3.0,3.0,3.0,3.0,3.0,3.0,3.0,3.0,3.0,11,24
166,5f19f2fc1af38d0bd7d29b13,I,5.0,1.0,5.0,6.0,4.0,6.0,5.0,4.0,"Have a good vacation I would feel relaxed I’d be laying on the beach, fully taking advantage of this trip we got to take and enjoying life. ",5f19f2fc1af38d0bd7d29b13,2.0,3.0,3.0,4.0,3.0,3.0,2.0,3.0,4.0,3.0,3.0,5.0,3.0,3.0,13,31
167,5f1a09cf8903270f1220783e,MC,7.0,2.0,7.0,7.0,7.0,7.0,6.0,7.0,To get married I would like to get married I would like to get married as quickly as possible,5f1a09cf8903270f1220783e,2.0,3.0,3.0,2.0,3.0,5.0,2.0,3.0,4.0,2.0,3.0,4.0,3.0,3.0,7,19
168,5f1b5e203eb338125bc6648d,MC,5.0,1.0,2.0,3.0,5.0,4.0,6.0,4.0,"To get gold in valorant. To be a decent rank in valorant I'm finally gold in valorant, I'm not the worst player in the world.",5f1b5e203eb338125bc6648d,2.0,2.0,1.0,2.0,2.0,3.0,3.0,3.0,4.0,3.0,2.0,3.0,2.0,3.0,13,30
169,5f1c0ceea1def70179a2ba62,MC,6.0,3.0,6.0,5.0,7.0,6.0,6.0,6.0,Get rid of headache excellent health condition Getting rid of headache would allow me to be in good mood and execute any task,5f1c0ceea1def70179a2ba62,2.0,1.0,2.0,2.0,1.0,5.0,2.0,1.0,4.0,2.0,2.0,4.0,2.0,2.0,8,23
170,5f1c0e454b96200122091153,I,7.0,4.0,7.0,7.0,7.0,7.0,7.0,7.0,Get a better job It will feel great about it I will be a happier man,5f1c0e454b96200122091153,2.0,5.0,5.0,2.0,5.0,2.0,3.0,1.0,3.0,2.0,3.0,2.0,4.0,2.0,9,16
171,5f1ca7c9d3db3c11895ba1fa,I,7.0,1.0,7.0,7.0,7.0,7.0,7.0,7.0,Physical pain goes away Energetic and carefree Stretching and bending without a care. Running and playing with the kids. ,5f1ca7c9d3db3c11895ba1fa,1.0,1.0,2.0,2.0,1.0,1.0,2.0,1.0,3.0,3.0,2.0,4.0,1.0,2.0,6,21
172,5f1cc317d29e11591c880143,I,6.0,4.0,6.0,6.0,6.0,6.0,6.0,6.0,Happiness. Happy. Happiness,5f1cc317d29e11591c880143,1.0,1.0,1.0,1.0,1.0,2.0,1.0,1.0,1.0,1.0,1.0,1.0,1.0,1.0,0,5
173,5f1d6cd3ca349069450ea3a4,MC,5.0,2.0,5.0,6.0,5.0,5.0,4.0,5.0,The most important wish is raise finance Very very elated Still looking happy,5f1d6cd3ca349069450ea3a4,2.0,1.0,2.0,2.0,1.0,3.0,2.0,1.0,3.0,3.0,2.0,2.0,2.0,2.0,5,13
174,5f1e70cac1b461821bee5b1d,I,3.0,1.0,4.0,3.0,2.0,2.0,3.0,3.0,I wish to get a gadget. I would feel happy. I would feel happy to purchase it.,5f1e70cac1b461821bee5b1d,2.0,3.0,3.0,3.0,3.0,3.0,3.0,3.0,4.0,3.0,3.0,3.0,3.0,3.0,7,20
175,5f1ecbb701fe3b0008b734ea,I,5.0,1.0,4.0,5.0,5.0,3.0,5.0,4.0,nice job very excited ,5f1ecbb701fe3b0008b734ea,1.0,1.0,1.0,2.0,1.0,1.0,2.0,1.0,1.0,2.0,2.0,1.0,1.0,2.0,1,4
176,5f1ed7ae6fc14c01fba835f6,MC,4.0,1.0,2.0,2.0,5.0,4.0,5.0,2.0,"spend time relaxing Very fulfilled, at ease If I'm at ease, my feet are up and I've got a cold drink in my hand. Its nice outside.",5f1ed7ae6fc14c01fba835f6,2.0,1.0,1.0,2.0,1.0,3.0,3.0,1.0,4.0,2.0,2.0,4.0,2.0,3.0,14,33
177,5f1f021643cfbc070e5b42ed,MC,5.0,2.0,6.0,5.0,5.0,6.0,5.0,5.0,Copywriting I'll be very glad with myself that i can learn the art of persuassion I'll be able to persuade people to buy anything i market to them ,5f1f021643cfbc070e5b42ed,1.0,5.0,5.0,1.0,5.0,5.0,1.0,4.0,4.0,1.0,4.0,4.0,4.0,3.0,17,30
178,5f1f0dbdae98010968f1f4fc,I,7.0,4.0,7.0,7.0,7.0,7.0,7.0,7.0,"My wish is to finish a course I started The best outcome about finishing it is that I'll build a better CV If the outcome come into place, then I'll be a better person",5f1f0dbdae98010968f1f4fc,2.0,5.0,5.0,3.0,5.0,3.0,3.0,3.0,4.0,3.0,4.0,3.0,4.0,3.0,19,37
179,5f1f31a057a7520f58819aa1,I,5.0,2.0,5.0,6.0,6.0,6.0,6.0,6.0,I want to go on a vacation It would be Great It's the best,5f1f31a057a7520f58819aa1,2.0,3.0,1.0,3.0,2.0,1.0,3.0,1.0,1.0,3.0,2.0,1.0,2.0,2.0,8,15
180,5f1f679ffb682f00092e880e,I,5.0,1.0,4.0,4.0,4.0,4.0,5.0,5.0,Buy  a louis vuitton bag I'd  feel happy I would pair it with a nice dress or pants to work ,5f1f679ffb682f00092e880e,2.0,3.0,3.0,2.0,3.0,3.0,2.0,3.0,4.0,3.0,3.0,5.0,3.0,3.0,8,21
181,5f1f9ecb38fd761c1c59502e,MC,6.0,1.0,5.0,7.0,7.0,7.0,7.0,6.0,Becoming great in life Been focused Been focused is when you are diligent with whatever you find yourself doing ,5f1f9ecb38fd761c1c59502e,2.0,1.0,1.0,2.0,2.0,2.0,2.0,1.0,4.0,2.0,1.0,3.0,2.0,2.0,11,19
182,5f1fc4956a1b2a1ee65f9e3f,I,5.0,3.0,5.0,6.0,6.0,6.0,6.0,6.0,So nice Great The way you purchase a car says a lot about who you really are. ... There's an innate sense of excitement when it's time to select and buy a new car.,5f1fc4956a1b2a1ee65f9e3f,1.0,1.0,1.0,1.0,1.0,1.0,1.0,1.0,5.0,1.0,1.0,4.0,1.0,2.0,17,38
183,5f1fdab91723a9000a8cf742,MC,7.0,1.0,5.0,4.0,4.0,5.0,7.0,6.0,I would like to win a hit six hit 6 I would be very happy,5f1fdab91723a9000a8cf742,3.0,1.0,3.0,3.0,1.0,3.0,3.0,2.0,2.0,3.0,2.0,2.0,2.0,2.0,6,15
184,5f203c14443fd92d8041f72b,MC,7.0,3.0,5.0,7.0,5.0,7.0,7.0,7.0,Married  Happy  Will be Very happy to get married ,5f203c14443fd92d8041f72b,1.0,1.0,5.0,1.0,1.0,4.0,1.0,1.0,2.0,1.0,1.0,3.0,2.0,2.0,4,9
185,5f205bab7ea88411465e783d,MC,6.0,2.0,6.0,6.0,6.0,6.0,6.0,6.0,Getting the perfect  girlfriend  search online and meeting  in person  ill be glad and fulfilled ,5f205bab7ea88411465e783d,2.0,1.0,5.0,2.0,2.0,5.0,2.0,3.0,2.0,3.0,3.0,2.0,3.0,2.0,5,15
186,5f206d728082db10cb4ab1ef,I,3.0,1.0,2.0,3.0,3.0,3.0,2.0,3.0,i wish to complete revision for a course I will feel very happy I will feel very happy to see that I am working towards success,5f206d728082db10cb4ab1ef,2.0,5.0,5.0,3.0,5.0,5.0,3.0,3.0,5.0,4.0,4.0,3.0,4.0,4.0,14,26
187,5f21d5f1c3890662a27de549,I,5.0,1.0,4.0,4.0,4.0,6.0,5.0,5.0,"actually study for the GRE prepared and confident I would feel much closer to being ready to take the exam,  and more confident in my ability to do well on it",5f21d5f1c3890662a27de549,2.0,1.0,3.0,2.0,1.0,3.0,2.0,1.0,5.0,3.0,2.0,4.0,2.0,3.0,16,32
188,5f2284bf391c9b754fd97d8d,I,5.0,1.0,5.0,3.0,5.0,4.0,5.0,4.0,To prepare a webpage.  I have learnt HTMl & CSS to fulfill that.  Now I can ready the webpage as I want. ,5f2284bf391c9b754fd97d8d,2.0,1.0,5.0,2.0,3.0,3.0,2.0,3.0,5.0,2.0,4.0,3.0,3.0,3.0,12,25
189,5f231b190cad4408fadeedee,I,5.0,3.0,5.0,5.0,5.0,5.0,5.0,7.0,get more studies from prolific feel good about myself when i get more studies i can some money and buy some healthy foods.,5f231b190cad4408fadeedee,2.0,2.0,5.0,2.0,3.0,3.0,3.0,2.0,5.0,3.0,2.0,4.0,3.0,3.0,12,24
190,5f2354555b1d5b1082ca1457,MC,6.0,4.0,7.0,7.0,6.0,6.0,6.0,7.0,See my fiance So happy I will feel so happy i could see him. Hug him and kiss him.i miss me so much,5f2354555b1d5b1082ca1457,2.0,1.0,5.0,2.0,2.0,5.0,2.0,1.0,4.0,2.0,1.0,4.0,3.0,2.0,11,24
191,5f23a376d36a5717b4440733,I,6.0,1.0,4.0,5.0,5.0,5.0,6.0,6.0,Start researching my classes I will be more prepared I will be so much more ready to take on a new class  in the upcoming semester and I won’t be as stressed out. ,5f23a376d36a5717b4440733,2.0,5.0,5.0,3.0,5.0,5.0,2.0,2.0,5.0,3.0,3.0,5.0,4.0,3.0,22,36
192,5f23b1b3c71d5a1aafc58f7a,I,4.0,1.0,4.0,4.0,4.0,4.0,4.0,4.0,eat marquise. very comfortable I would be very happy because it is my favorite sweet.,5f23b1b3c71d5a1aafc58f7a,2.0,1.0,3.0,2.0,2.0,3.0,2.0,1.0,3.0,2.0,2.0,3.0,2.0,2.0,8,17
193,5f23b4877f5fe518b8fa7a5e,MC,5.0,2.0,4.0,5.0,6.0,5.0,5.0,4.0,Eating pizza Satisfied Feeling happy,5f23b4877f5fe518b8fa7a5e,2.0,1.0,2.0,2.0,2.0,2.0,2.0,1.0,2.0,2.0,1.0,2.0,2.0,2.0,0,5
194,5f23fd57ed5d1b044229bd6e,MC,6.0,3.0,5.0,4.0,5.0,5.0,5.0,6.0,I wish I can add weight Additional weight will make me feel more confident I want to add more weight,5f23fd57ed5d1b044229bd6e,5.0,5.0,2.0,3.0,5.0,3.0,3.0,3.0,3.0,3.0,4.0,3.0,4.0,3.0,9,20
195,5f2433524d994b013179709b,MC,6.0,3.0,7.0,7.0,6.0,7.0,7.0,7.0,being happy always  Happy I won't mind being happy all time ,5f2433524d994b013179709b,2.0,1.0,5.0,2.0,1.0,3.0,2.0,1.0,4.0,2.0,1.0,3.0,2.0,2.0,4,12
196,5f248bd42ba30d076f735969,I,6.0,4.0,6.0,6.0,6.0,7.0,7.0,7.0,"To get a date  Happy Well, we've being in talking terms for sometimes now and getting a date with her will makes me fulfilling and happy ",5f248bd42ba30d076f735969,2.0,1.0,5.0,2.0,1.0,5.0,2.0,1.0,5.0,2.0,1.0,4.0,3.0,2.0,14,28
197,5f24b144dfebca0c445bca88,MC,4.0,1.0,3.0,2.0,4.0,5.0,7.0,5.0,Sleep 8 hours  Wake up feeling refreshed I wake up feeling well rested and refreshed which sets me up for a good day ,5f24b144dfebca0c445bca88,2.0,2.0,2.0,2.0,2.0,3.0,2.0,2.0,5.0,3.0,2.0,5.0,2.0,3.0,9,23
198,5f25248cf7a08b16c8c6c11b,I,4.0,1.0,5.0,5.0,7.0,3.0,3.0,4.0,Money Money Me working and having money,5f25248cf7a08b16c8c6c11b,1.0,1.0,2.0,1.0,1.0,3.0,1.0,1.0,2.0,1.0,1.0,3.0,2.0,2.0,3,7
199,5f2576ce00b37f2115133ff1,I,7.0,3.0,7.0,7.0,7.0,7.0,7.0,7.0,ask a cute girl out feel really confident I am a shy person and it would be a really big deal for me,5f2576ce00b37f2115133ff1,2.0,2.0,3.0,2.0,2.0,3.0,3.0,2.0,3.0,2.0,3.0,3.0,2.0,3.0,11,23
200,5f25e6c182bf2c1fda139ca5,MC,7.0,1.0,7.0,7.0,7.0,7.0,7.0,7.0,I just wanna get rich It would be amazing and beautiful  It's gonna make life more worth living ,5f25e6c182bf2c1fda139ca5,2.0,3.0,5.0,3.0,2.0,5.0,3.0,2.0,2.0,3.0,3.0,3.0,3.0,3.0,7,21
201,5f25f3e0fa7df82e7c7f2051,I,6.0,2.0,6.0,6.0,6.0,5.0,6.0,5.0,Wish to see my spouse  I would feel happy Seeing my spouse would make me happy,5f25f3e0fa7df82e7c7f2051,2.0,3.0,3.0,3.0,3.0,3.0,3.0,3.0,4.0,3.0,3.0,3.0,3.0,3.0,5,16
202,5f25faf71a46852f7beb70e6,MC,6.0,3.0,5.0,6.0,6.0,6.0,7.0,7.0,To go shopping Go out and make it happen If i go out very likely i would pick up a few things,5f25faf71a46852f7beb70e6,2.0,2.0,3.0,2.0,2.0,3.0,2.0,2.0,4.0,2.0,2.0,3.0,2.0,2.0,12,22
203,5f25fdbc64fcbe2efa857a55,MC,6.0,4.0,5.0,6.0,6.0,6.0,6.0,6.0,I wish to make a nice meal happy very happy I love cooking a lot so making a meal now would make me happy,5f25fdbc64fcbe2efa857a55,2.0,1.0,3.0,3.0,1.0,3.0,3.0,1.0,5.0,4.0,2.0,4.0,2.0,3.0,10,24
204,5f262804b9740534b9de09e6,I,4.0,2.0,3.0,3.0,3.0,3.0,4.0,4.0,"Stop flooding, of pipes makes me feel accoplished Feel accomplished, able to fix problem on my own",5f262804b9740534b9de09e6,1.0,1.0,2.0,2.0,3.0,3.0,2.0,2.0,4.0,3.0,3.0,3.0,2.0,3.0,6,19
205,5f26e824a5a07f476e65a7d4,I,7.0,4.0,7.0,7.0,7.0,7.0,7.0,7.0,Succes Praise Thanks God for all he have done for me,5f26e824a5a07f476e65a7d4,1.0,1.0,1.0,1.0,1.0,2.0,1.0,1.0,3.0,1.0,1.0,3.0,1.0,2.0,6,11
206,5f27176a18c68e402a70b365,MC,2.0,1.0,2.0,1.0,2.0,2.0,1.0,2.0,read a book gain knowledge happy ,5f27176a18c68e402a70b365,2.0,1.0,1.0,2.0,2.0,1.0,2.0,2.0,1.0,2.0,2.0,1.0,2.0,2.0,1,6
207,5f274c8a38b9f85410288a34,MC,5.0,1.0,5.0,5.0,5.0,5.0,7.0,5.0,pray the rosary i complete and feel accomplished satisfaction and gratitude for being able to stay disciplined,5f274c8a38b9f85410288a34,2.0,2.0,2.0,2.0,3.0,3.0,2.0,3.0,3.0,3.0,3.0,2.0,2.0,3.0,7,17
208,5f274e9c1e45dc095853f5bb,MC,5.0,2.0,3.0,4.0,4.0,4.0,4.0,4.0,I will like to get a hundred dollars as financial support Best outcome is if I get it immediately and that will make me feel very excited I think it will be a good thing to have a hundred dollars right now ,5f274e9c1e45dc095853f5bb,5.0,2.0,5.0,5.0,5.0,5.0,3.0,4.0,4.0,4.0,4.0,3.0,4.0,4.0,23,42
209,5f275825ca810f11639a1b27,MC,7.0,3.0,7.0,7.0,7.0,7.0,7.0,7.0,"win a lottery i'll be ecstatic i will feel fly. With the winnings from the lottery, I can afford luxury things",5f275825ca810f11639a1b27,2.0,5.0,5.0,2.0,5.0,5.0,2.0,2.0,4.0,2.0,2.0,4.0,4.0,3.0,11,24
210,5f27bdb1f4ccc11fedcea1f1,MC,2.0,1.0,2.0,1.0,2.0,3.0,1.0,4.0,read a book gain knowledge i would have more knowledge relating to my job,5f27bdb1f4ccc11fedcea1f1,2.0,2.0,3.0,2.0,2.0,3.0,2.0,2.0,3.0,2.0,2.0,3.0,2.0,2.0,6,14
211,5f27eb714000610420e0c7a5,MC,5.0,1.0,3.0,3.0,5.0,3.0,5.0,4.0,Finding a job. Extremely accomplished It would help battle my depression ,5f27eb714000610420e0c7a5,2.0,1.0,3.0,2.0,2.0,3.0,2.0,2.0,3.0,2.0,2.0,3.0,2.0,2.0,3,12
212,5f27f1beb7d456000a1cd660,I,7.0,2.0,6.0,5.0,5.0,7.0,5.0,7.0,Complete my mantras  Fulfilling  My spirituality journey will transcends all problems ,5f27f1beb7d456000a1cd660,2.0,1.0,5.0,2.0,1.0,5.0,3.0,1.0,3.0,2.0,1.0,3.0,3.0,2.0,4,11
213,5f280fc751d128042f720aaa,MC,7.0,4.0,7.0,7.0,7.0,7.0,7.0,7.0,Buy a gown Extremely happy and glad I will be on top of the world if it happens ,5f280fc751d128042f720aaa,2.0,1.0,5.0,2.0,1.0,5.0,2.0,1.0,3.0,2.0,2.0,2.0,3.0,2.0,10,18
214,5f281b62290f0b08dedd4c70,MC,5.0,1.0,6.0,5.0,5.0,5.0,5.0,5.0,I want to stay with my family good no,5f281b62290f0b08dedd4c70,2.0,1.0,1.0,3.0,1.0,1.0,3.0,1.0,1.0,3.0,1.0,1.0,2.0,2.0,5,9
215,5f281ebe81848e0b88058902,MC,3.0,1.0,4.0,3.0,2.0,4.0,5.0,3.0,A new car Me getting a new car and not minding the cost That will be like a dream come true for me,5f281ebe81848e0b88058902,1.0,2.0,5.0,2.0,3.0,5.0,1.0,3.0,4.0,2.0,4.0,2.0,3.0,3.0,12,23
216,5f282fffb7d456080dc0fd84,MC,4.0,2.0,6.0,5.0,6.0,5.0,4.0,5.0,Money Glad I will be glad if I can make a certain target before the end of the day,5f282fffb7d456080dc0fd84,1.0,1.0,5.0,1.0,1.0,5.0,1.0,1.0,5.0,1.0,1.0,5.0,2.0,2.0,11,19
217,5f28603b383f790f8b1e2839,MC,6.0,1.0,3.0,3.0,4.0,4.0,7.0,4.0,"Finish my on boarding process for my job Elated, happy and stress free I can imagine myself having that weight taken off my shoulders. I wouldn’t have to worry about possibly losing my job from not completing the process.",5f28603b383f790f8b1e2839,2.0,1.0,3.0,3.0,1.0,3.0,3.0,1.0,5.0,4.0,2.0,4.0,2.0,3.0,22,44
218,5f2864ec5082811731b8c4db,I,7.0,2.0,7.0,6.0,7.0,7.0,7.0,7.0,"earn extra income hope, relieved, happy any little penny or dollar counts right now, so even with an extra dollar it would be more than I had the day before. It will make me feel like I am slowly chipping away at my goal and getting there, even though it may be slow. ",5f2864ec5082811731b8c4db,2.0,1.0,3.0,2.0,1.0,3.0,2.0,1.0,5.0,2.0,2.0,5.0,2.0,3.0,25,59
219,5f2873265b781b13e6e25714,MC,6.0,3.0,6.0,7.0,7.0,6.0,6.0,6.0,to get employed I would feel so good I would feel extremely good,5f2873265b781b13e6e25714,2.0,3.0,3.0,2.0,3.0,3.0,2.0,3.0,3.0,2.0,3.0,4.0,3.0,3.0,4,13
220,5f288e169c5b401d0dde2711,I,3.0,1.0,2.0,1.0,2.0,2.0,4.0,1.0,"watch a movie feel relaxed and entertained I am on a video call with my girlfriend. We are watching a movie together on our own screens. I get to spend time watching with her and feel relaxed, while also watching an entertaining movie.",5f288e169c5b401d0dde2711,2.0,2.0,5.0,2.0,2.0,5.0,2.0,2.0,5.0,2.0,3.0,5.0,3.0,3.0,21,47
221,5f2892763edc591d2094364d,I,6.0,3.0,7.0,7.0,6.0,5.0,7.0,7.0,But a gift for my wife Will feel joyful My wife will be happy,5f2892763edc591d2094364d,2.0,2.0,5.0,2.0,5.0,5.0,3.0,2.0,3.0,3.0,2.0,3.0,4.0,3.0,8,14
222,5f289aaea3449d0008dc8474,MC,7.0,4.0,7.0,7.0,6.0,7.0,6.0,7.0,"to get things complete to get something complete when iget something completely done, i feel glad. my satisfaction also will help me get things done",5f289aaea3449d0008dc8474,2.0,2.0,5.0,2.0,2.0,3.0,2.0,2.0,5.0,2.0,2.0,4.0,3.0,3.0,7,27
223,5f289b30f85a011e6e9e59ca,MC,7.0,4.0,6.0,7.0,7.0,7.0,7.0,7.0,to get my incomplete work done to get everything complete to get things done always gives me pleasure,5f289b30f85a011e6e9e59ca,2.0,2.0,2.0,2.0,2.0,3.0,2.0,2.0,3.0,3.0,2.0,3.0,2.0,2.0,5,18
224,5f289b66bf12391e44da108a,I,5.0,3.0,6.0,6.0,5.0,5.0,6.0,5.0,get a job attending interview make a good impression to the employer ,5f289b66bf12391e44da108a,2.0,1.0,2.0,2.0,2.0,2.0,2.0,2.0,3.0,2.0,2.0,3.0,2.0,2.0,4,12
225,5f28aa16eae05c000af89b4d,MC,6.0,1.0,6.0,6.0,6.0,7.0,6.0,7.0,Complete a javascript challenge I've been doing Accomplished I feel smarter and better prepared for software dev interviews,5f28aa16eae05c000af89b4d,2.0,1.0,2.0,3.0,1.0,5.0,2.0,1.0,3.0,4.0,1.0,4.0,2.0,2.0,7,19
226,5f28c17383d92d215bf23c7d,MC,7.0,4.0,7.0,7.0,7.0,7.0,7.0,7.0,I wish to be succesful I would be accomplished I would feel accomplished to overcome my anxiety and become successful.,5f28c17383d92d215bf23c7d,2.0,3.0,3.0,3.0,3.0,3.0,2.0,2.0,5.0,3.0,2.0,4.0,3.0,3.0,9,21
227,5f28e407b78f0227150934d8,MC,2.0,1.0,2.0,3.0,1.0,2.0,2.0,1.0,drink more water drinking an extra glass drinking a full glass every 3-4 hours,5f28e407b78f0227150934d8,2.0,1.0,2.0,2.0,2.0,2.0,2.0,2.0,3.0,2.0,2.0,4.0,2.0,2.0,3,14
228,5f28f396166da32748f9de33,MC,5.0,3.0,4.0,5.0,4.0,4.0,4.0,5.0,"End the Covid-19 pandemic It would make me very happy, both me and the rest I imagine myself returning to normality, working calmly, and that our children have the education they deserve",5f28f396166da32748f9de33,2.0,3.0,3.0,2.0,3.0,3.0,2.0,3.0,5.0,3.0,4.0,4.0,3.0,4.0,17,35
229,5f291c00c246982dadecfab1,I,6.0,4.0,7.0,4.0,4.0,7.0,7.0,5.0,My important wish is to get new laptop  It will make me happy much I thought I had a little  money that can make me get what I want,5f291c00c246982dadecfab1,2.0,5.0,5.0,3.0,5.0,3.0,3.0,3.0,4.0,3.0,3.0,4.0,4.0,3.0,15,29
230,5f292f254e018c2f58f6f50d,I,4.0,3.0,7.0,5.0,6.0,6.0,6.0,6.0,Create plan for me  I will outcome strongly  Great beauty and strength ,5f292f254e018c2f58f6f50d,2.0,5.0,1.0,3.0,5.0,2.0,2.0,2.0,1.0,2.0,2.0,2.0,3.0,2.0,5,12
231,5f29519789930201ae621d25,MC,7.0,3.0,7.0,7.0,7.0,7.0,7.0,7.0,Become rich Fulfil  A great level of achievement ,5f29519789930201ae621d25,2.0,1.0,1.0,2.0,1.0,2.0,2.0,1.0,2.0,2.0,1.0,2.0,2.0,2.0,2,8
232,5f2965b61064b9046fd8063a,MC,5.0,2.0,7.0,7.0,6.0,7.0,6.0,5.0,Enjoy the outdoors the happiness Amazing to be able to enjoy the outdoors and nature,5f2965b61064b9046fd8063a,2.0,1.0,1.0,2.0,1.0,2.0,2.0,1.0,4.0,3.0,1.0,2.0,2.0,2.0,7,15
233,5f296d406b6c5204f705e10c,MC,5.0,2.0,6.0,5.0,5.0,5.0,5.0,5.0,I want my dream car. I will be very much happy than others. Just that,5f296d406b6c5204f705e10c,2.0,5.0,1.0,3.0,5.0,1.0,3.0,3.0,1.0,4.0,3.0,1.0,3.0,2.0,9,17
234,5f297dc21fb4ea091889b6d2,MC,7.0,1.0,7.0,7.0,6.0,7.0,7.0,7.0,Pick and concentrate on an area of learning I desire Extremely glad Achieving it will be a long time dream and passion,5f297dc21fb4ea091889b6d2,2.0,1.0,5.0,3.0,2.0,4.0,2.0,1.0,3.0,4.0,2.0,3.0,3.0,2.0,10,22
235,5f29867bdf221b0a0bad5377,I,6.0,1.0,5.0,5.0,6.0,7.0,5.0,7.0,Making my self happy  Rest of mind  Nothing beat rest of mind when you are happy I haven’t been happy for a while I wish I can be happy tomorrow and forever ,5f29867bdf221b0a0bad5377,2.0,1.0,2.0,3.0,1.0,3.0,3.0,1.0,3.0,3.0,1.0,5.0,2.0,3.0,18,34
236,5f29a795209c1b0fc2fde949,I,5.0,1.0,4.0,4.0,5.0,4.0,5.0,4.0,Apply for financial aid Determined and driven I feel like if one is determined they can be successful at just about anything they do.,5f29a795209c1b0fc2fde949,2.0,1.0,2.0,2.0,1.0,3.0,2.0,1.0,3.0,2.0,2.0,4.0,2.0,2.0,13,25
237,5f29c0a1db2cb0140eab895d,MC,5.0,3.0,5.0,4.0,3.0,5.0,6.0,3.0,Work out for at least 30 minutes. I would feel accomplished and motivated to continue. Setting habits. Feeling the light sweat that comes with a good workout.,5f29c0a1db2cb0140eab895d,2.0,3.0,2.0,2.0,3.0,2.0,2.0,3.0,2.0,4.0,4.0,3.0,2.0,3.0,10,31
238,5f29c35127bcc61497b0b1ac,MC,3.0,4.0,4.0,3.0,3.0,3.0,3.0,2.0,daily walks runs in shape excited happy very excited to take daily walks and runs,5f29c35127bcc61497b0b1ac,1.0,1.0,2.0,2.0,2.0,2.0,2.0,2.0,3.0,3.0,2.0,3.0,2.0,2.0,4,15
239,5f29d19efcefd51687d82fbe,I,7.0,4.0,6.0,6.0,7.0,7.0,6.0,7.0,"my wish is to make my family proud happy how can it be possible
what steps should i take
when to start
how to start",5f29d19efcefd51687d82fbe,2.0,1.0,1.0,3.0,1.0,2.0,3.0,1.0,3.0,3.0,1.0,3.0,2.0,2.0,15,25
240,5f29e341526abc18636157b4,I,3.0,2.0,4.0,4.0,1.0,3.0,3.0,5.0,"Make progress with sales Everything is sold and all cash received Happy, ready to reload for later this week",5f29e341526abc18636157b4,2.0,1.0,2.0,2.0,2.0,2.0,3.0,3.0,2.0,3.0,3.0,3.0,2.0,3.0,7,20
241,5f29e7b1c70afc19fbb2a2b5,MC,6.0,1.0,5.0,5.0,5.0,5.0,6.0,5.0,Feeling desired  Boyfriend just making me feel good. Happy I want him not stressed and really want show he wants me to be here. ,5f29e7b1c70afc19fbb2a2b5,1.0,1.0,2.0,2.0,5.0,3.0,2.0,3.0,3.0,2.0,4.0,4.0,2.0,3.0,11,26
242,5f29f84354d5321bd0e0de3e,MC,4.0,1.0,4.0,3.0,5.0,4.0,4.0,2.0,study I would feel prepared I would go into my test later this month without anxiety. ,5f29f84354d5321bd0e0de3e,1.0,3.0,3.0,1.0,3.0,3.0,1.0,3.0,4.0,1.0,3.0,5.0,2.0,3.0,5,17
243,5f2a36ef4aaecd1fe37f46eb,I,7.0,4.0,7.0,7.0,7.0,7.0,7.0,7.0,I wish to complete my studies in 24 hours time  To be successful  To able to complete my wish will be of great benefit to me ,5f2a36ef4aaecd1fe37f46eb,2.0,1.0,2.0,3.0,2.0,2.0,4.0,1.0,3.0,5.0,1.0,4.0,2.0,3.0,14,26
244,5f2a4b659c7811225de64420,MC,3.0,1.0,5.0,5.0,2.0,2.0,4.0,3.0,clean my room neat and clean room Calm and relaxed,5f2a4b659c7811225de64420,2.0,1.0,1.0,2.0,1.0,1.0,2.0,2.0,1.0,2.0,2.0,2.0,1.0,2.0,3,10
245,5f2a526816fd782426c35c33,I,6.0,3.0,7.0,7.0,7.0,6.0,6.0,6.0,Glance through some books Successful I will feel successful if i can achieve that.,5f2a526816fd782426c35c33,2.0,1.0,5.0,2.0,1.0,5.0,2.0,1.0,4.0,2.0,1.0,3.0,3.0,2.0,8,15
246,5f2a58f55489dc232c28b3ca,MC,6.0,2.0,7.0,6.0,7.0,6.0,6.0,6.0,"be a happy man allover to fulfill my closer persons needs to do that, have to work honestly",5f2a58f55489dc232c28b3ca,1.0,2.0,2.0,3.0,2.0,2.0,2.0,3.0,3.0,3.0,3.0,3.0,2.0,3.0,9,19
247,5f2a62cceb53d8258f521056,I,1.0,1.0,1.0,1.0,1.0,1.0,1.0,1.0,Exercise Become energetic Becoming fit and energetic would help me go a long way,5f2a62cceb53d8258f521056,1.0,2.0,1.0,1.0,2.0,2.0,1.0,2.0,3.0,1.0,2.0,4.0,2.0,2.0,3,14
248,5f2a79d4f4014027f73540cb,MC,5.0,2.0,5.0,5.0,5.0,6.0,6.0,6.0,want to talk with my partner inner peace my mind is very clear,5f2a79d4f4014027f73540cb,2.0,1.0,5.0,2.0,1.0,5.0,2.0,1.0,2.0,2.0,1.0,3.0,3.0,2.0,6,13
249,5f2a7acd8136bc28ba2aa799,I,5.0,2.0,6.0,5.0,6.0,5.0,6.0,6.0,Get an ice-cream It's for free If I get an ice-cream for free I will be very happy.,5f2a7acd8136bc28ba2aa799,2.0,1.0,1.0,2.0,1.0,5.0,2.0,1.0,3.0,2.0,1.0,4.0,2.0,2.0,11,20
250,5f2a7af2a768ae285629734d,I,7.0,2.0,7.0,7.0,7.0,7.0,7.0,7.0,vist restuarant  honest wish it is very important,5f2a7af2a768ae285629734d,2.0,1.0,1.0,2.0,1.0,1.0,2.0,1.0,2.0,2.0,1.0,1.0,1.0,2.0,3,8
251,5f2a7ba47823df29ae41946f,MC,5.0,2.0,5.0,5.0,5.0,5.0,5.0,5.0,"Getting a new brand car A lot ammount of money. That's not a lot, but it's definitely enough to buy an older, yet still reliable, used car. ... That will buy a wide range of brand-new cars, including luxury models. ... If you value the reliability a newer, more expensive car brings.",5f2a7ba47823df29ae41946f,2.0,1.0,5.0,2.0,1.0,1.0,2.0,2.0,5.0,1.0,1.0,1.0,2.0,2.0,19,63
252,5f2a7bcaa696ad299d5d5f32,I,5.0,3.0,5.0,5.0,5.0,5.0,5.0,5.0,"Getting a new car A lot ammount of money That's not a lot, but it's definitely enough to buy an older, yet still reliable, used car. ... That will buy a wide range of brand-new cars, including luxury models. ... If you value the reliability a newer, more expensive car brings more money.",5f2a7bcaa696ad299d5d5f32,2.0,1.0,5.0,2.0,1.0,1.0,2.0,2.0,5.0,1.0,1.0,1.0,2.0,2.0,20,63
253,5f2a9d6aad74562f100c9198,MC,6.0,2.0,7.0,7.0,6.0,7.0,7.0,7.0,visit honest wish this is very important ,5f2a9d6aad74562f100c9198,1.0,1.0,1.0,1.0,1.0,1.0,1.0,1.0,2.0,1.0,1.0,1.0,1.0,1.0,3,7
254,5f2aa33a3bcc7b2f83858064,I,7.0,1.0,7.0,7.0,6.0,7.0,7.0,7.0,I wish to be debt free I will be so relieved I won't have to always have the niggling thought of debt barging into every moment of my day.,5f2aa33a3bcc7b2f83858064,1.0,5.0,5.0,3.0,5.0,3.0,2.0,2.0,3.0,3.0,2.0,5.0,4.0,3.0,16,31
255,5f2ab59745c82f35513e46f1,I,5.0,2.0,5.0,5.0,6.0,7.0,7.0,5.0,I would like the pain in my jaw to stop I can finally chew and talk without pain. It would be a relief It has been tough these past few days. Everywhere hurts. It will be nice to be okay within the next 24 hours,5f2ab59745c82f35513e46f1,3.0,5.0,5.0,3.0,3.0,5.0,3.0,3.0,5.0,4.0,4.0,5.0,4.0,4.0,22,48
